x,y,z,cluster
-0.739318,-4.85057,-1.90502,1
0.470384,-4.68151,-2.28589,1
-0.339093,-4.7908,-2.62606,1
0.907129,-4.76069,-2.09201,1
-1.1295,-4.48307,-2.60846,1
-0.291951,-4.27818,-2.18949,1
0.396133,-4.7237,-1.63829,1
-0.461067,-4.86337,-1.22591,1
0.5281,-4.21274,-2.92037,1
-0.292147,-4.0285,-2.8116,1
0.0968543,-4.89495,-1.75888,1
-0.660029,-4.08085,-3.06546,1
-0.0274025,-5.00718,-1.88912,1
-1.32262,-4.53125,-2.69999,1
-0.376091,-5.09283,-1.13097,1
0.157835,-4.45289,-2.38529,1
0.451787,-4.7337,-3.31,1
-0.493081,-4.72122,-1.32534,1
-0.0932748,-4.14789,-3.16518,1
0.554696,-5.12641,-1.96889,1
-0.410098,-4.87776,-2.6925,1
-0.0623375,-4.70109,-2.72669,1
0.610759,-4.62001,-2.41559,1
0.436855,-4.0718,-2.49516,1
-0.637092,-4.31894,-2.66356,1
0.397611,-4.21805,-3.51386,1
-0.0336203,-5.11461,-1.90177,1
0.0494918,-4.89751,-1.28021,1
-0.340961,-4.56318,-2.24609,1
-0.200931,-5.22096,-2.0783,1
-0.418334,-4.6238,-2.38439,1
-0.25188,-5.35686,-1.39348,1
-0.501845,-5.18881,-1.40346,1
0.740547,-4.3856,-3.27165,1
0.0789938,-4.36524,-3.0966,1
-0.526221,-5.08416,-1.93511,1
0.163976,-4.8679,-2.39331,1
0.477978,-4.75197,-1.93753,1
0.254199,-4.57648,-2.97683,1
-1.02047,-4.82486,-2.1898,1
-0.5744,-4.95709,-2.79732,1
0.236601,-5.14619,-1.48339,1
-1.24766,-5.11285,-2.43232,1
0.654369,-4.79695,-2.11367,1
0.46079,-4.94477,-1.82879,1
-1.16119,-4.41783,-2.38258,1
0.106075,-4.98293,-2.8459,1
-0.449041,-5.08274,-1.89622,1
1.08829,-4.93579,-1.9697,1
0.116736,-4.45606,-2.72775,1
0.30325,-5.15257,-1.85242,1
-0.990471,-4.89764,-2.10076,1
0.0171019,-4.44664,-2.69872,1
0.749456,-4.89561,-2.14069,1
0.826369,-4.47881,-2.63418,1
0.485656,-4.58937,-2.3659,1
0.330148,-4.39656,-3.05354,1
0.0113655,-4.81604,-1.40273,1
-0.77182,-4.475,-3.13221,1
1.04548,-4.51792,-1.55376,1
-0.0171917,-4.48885,-3.09232,1
0.87122,-4.26044,-3.5186,1
1.27428,-4.54561,-2.19332,1
-0.38186,-4.41891,-2.78732,1
1.12196,-4.84018,-2.22574,1
0.030437,-4.39198,-2.59789,1
0.0132284,-5.12816,-1.15814,1
1.322,-4.44064,-2.51938,1
-0.0151741,-4.83324,-1.60675,1
0.675205,-4.95233,-2.04907,1
-1.47232,-4.74464,-2.64475,1
-0.566445,-4.34663,-2.53794,1
1.14799,-4.89424,-2.46472,1
0.14059,-4.95673,-2.17183,1
-0.407479,-4.89847,-2.53621,1
-1.30712,-4.58292,-2.532,1
0.607378,-4.26738,-2.62731,1
0.63395,-4.97668,-2.27599,1
0.738483,-4.82488,-2.12011,1
0.577426,-4.98245,-1.83579,1
0.245006,-4.79017,-2.38207,1
0.062054,-5.0356,-2.22066,1
-0.0322115,-5.24079,-1.26192,1
0.686689,-4.75003,-1.81565,1
-0.473716,-4.95934,-2.11604,1
-1.56395,-4.53682,-2.65148,1
-1.07561,-4.74724,-2.61399,1
-0.23527,-4.41733,-2.60757,1
0.262148,-4.81924,-2.05633,1
-0.760341,-4.43289,-2.05592,1
0.317293,-4.46597,-2.39208,1
0.217548,-5.16081,-1.65807,1
-0.446702,-4.08435,-3.21772,1
0.61651,-3.81355,-3.10226,1
0.326678,-4.56211,-2.86395,1
-0.128259,-5.13571,-1.03241,1
-0.35682,-4.29214,-3.56861,1
0.954032,-4.65638,-2.42199,1
0.477021,-5.29595,-1.90419,1
0.514249,-4.8265,-2.88692,1
0.105693,-4.96017,-2.92463,1
0.672702,-4.53307,-2.71494,1
0.061068,-4.7264,-2.29326,1
-1.3152,-4.70698,-2.17103,1
0.129488,-5.47805,-1.5322,1
-0.655604,-4.58177,-3.09516,1
0.0239062,-5.12672,-1.78704,1
-0.611067,-5.0038,-1.70213,1
0.160447,-4.47805,-2.98055,1
-0.952049,-4.70527,-2.89418,1
-0.261469,-4.99956,-2.03582,1
0.785041,-4.6458,-1.9509,1
0.259573,-5.22103,-1.56749,1
-0.257935,-4.46641,-2.26999,1
-0.770112,-4.48968,-2.88873,1
0.324763,-4.4729,-3.24836,1
0.784036,-4.90946,-1.65782,1
1.4407,-4.54637,-2.68938,1
-0.655935,-4.35342,-3.13778,1
-0.363632,-5.3464,-1.9165,1
-0.150804,-4.59609,-2.86563,1
0.307779,-4.26738,-2.82453,1
-0.0614968,-4.52722,-3.05295,1
0.194065,-4.80578,-1.98846,1
0.44053,-4.94131,-1.68908,1
-0.421551,-4.19985,-2.97188,1
-0.384835,-4.85746,-1.84285,1
-0.710324,-4.61928,-1.99138,1
-0.579031,-3.93741,-3.11558,1
-0.354997,-4.64755,-3.63705,1
-0.966099,-4.77851,-2.53956,1
0.110234,-4.27799,-3.35458,1
0.0570172,-4.35501,-2.28908,1
-0.565945,-4.91085,-1.83626,1
-0.919698,-4.67342,-2.10756,1
-0.156205,-5.24885,-1.82048,1
0.381915,-3.89328,-2.98969,1
-0.710372,-5.05338,-2.09394,1
-1.34684,-4.38068,-3.19349,1
0.792775,-4.66488,-2.01342,1
0.479682,-3.99973,-3.20888,1
-1.13402,-4.49262,-2.11846,1
-0.274533,-4.88997,-2.87749,1
-0.15261,-5.04681,-1.82024,1
-0.229783,-4.93287,-1.92608,1
-0.455335,-5.08791,-1.78992,1
0.057658,-4.69904,-2.5302,1
0.0344809,-4.73774,-2.18269,1
-0.263824,-5.31383,-1.1557,1
-0.740741,-4.99544,-1.6299,1
-1.30817,-4.60449,-2.3312,1
-0.0200984,-4.32225,-3.55977,1
0.662466,-5.01823,-2.37748,1
0.655167,-4.77841,-2.39405,1
-0.451707,-4.81053,-2.35245,1
0.540965,-4.30694,-3.07702,1
-0.322108,-4.58498,-2.8859,1
0.0409008,-4.20057,-2.37919,1
1.06705,-4.65759,-2.16955,1
-0.0988449,-4.39597,-2.59908,1
0.680478,-4.61331,-3.18435,1
0.151066,-5.10677,-1.58183,1
0.0879351,-5.27799,-2.35887,1
0.187786,-4.68577,-2.17504,1
-0.672298,-4.22365,-2.89882,1
0.502421,-4.95154,-1.76743,1
-0.462979,-4.84645,-2.39064,1
-0.101011,-4.09882,-2.57768,1
-0.510858,-5.19246,-1.43607,1
-0.26755,-4.41224,-2.42656,1
-1.14357,-5.0942,-2.02354,1
-0.476374,-5.18078,-1.29392,1
0.117479,-4.32391,-2.78115,1
0.661135,-4.10019,-2.414,1
0.150094,-4.46577,-2.66981,1
-0.0237162,-4.26604,-2.45986,1
-0.395382,-4.23128,-2.84158,1
-0.309031,-4.58935,-3.08115,1
-0.596328,-4.1474,-2.88363,1
0.308962,-4.38969,-2.78973,1
0.775007,-5.00312,-1.7816,1
0.050874,-4.23026,-2.67411,1
-0.872895,-5.04636,-2.58659,1
-0.722491,-4.69048,-2.56601,1
0.267332,-4.65968,-2.81223,1
-0.606412,-4.17914,-3.17666,1
-1.18851,-4.77297,-2.09571,1
0.598197,-4.63147,-2.31342,1
0.901612,-4.91691,-1.77164,1
0.4402,-4.56711,-2.83458,1
0.246352,-4.74089,-2.92382,1
0.145908,-4.26415,-3.01391,1
0.660743,-4.5628,-2.031,1
-0.0513527,-4.84913,-2.4452,1
0.493157,-4.64842,-3.08695,1
-0.858757,-5.0705,-1.9582,1
0.432637,-4.8079,-2.75432,1
-1.33887,-4.99494,-2.13276,1
0.413944,-4.17036,-2.96565,1
0.114303,-4.52389,-3.33475,1
-0.25103,-5.09742,-1.58442,1
0.42433,-5.03847,-1.73852,1
-0.435862,-4.86375,-2.27033,1
-0.362111,-4.72089,-2.71834,1
0.0117368,-4.80929,-1.38576,1
-0.177577,-4.35482,-2.97518,1
-0.283145,-4.96357,-1.92941,1
-1.18354,-4.68251,-2.12032,1
0.560444,-4.56346,-2.43606,1
-0.266977,-5.14515,-1.85926,1
0.4658,-4.21977,-3.54985,1
0.278007,-3.7078,-2.71804,1
0.778608,-4.54973,-1.9719,1
0.188486,-4.43326,-2.6229,1
0.402371,-4.35847,-2.80437,1
-0.316269,-4.21783,-3.02626,1
0.749139,-4.84419,-2.34718,1
-0.187904,-4.1756,-2.99437,1
-0.901825,-4.35352,-2.68509,1
0.0822117,-4.10458,-3.45876,1
0.156555,-4.87505,-2.41216,1
-0.973227,-4.50546,-2.50817,1
-0.583626,-4.62511,-2.45542,1
0.194989,-4.7451,-2.2325,1
-0.624814,-4.88368,-1.85419,1
0.602683,-4.30555,-2.86155,1
-0.0389009,-4.92376,-2.28647,1
-0.437421,-3.85025,-2.6279,1
0.706706,-4.39186,-2.75696,1
-0.860364,-4.85969,-2.24444,1
-0.272093,-4.79295,-2.4163,1
-0.553909,-4.45245,-2.79286,1
0.0331413,-4.84177,-1.72495,1
-0.510256,-5.2844,-1.56718,1
0.550536,-4.80836,-1.74446,1
0.762033,-4.23308,-2.75433,1
-0.573004,-4.73708,-2.40139,1
-0.0551906,-4.439,-2.71725,1
-0.0844619,-4.56756,-3.1688,1
0.645761,-4.86127,-2.23786,1
-0.497914,-4.3111,-2.38198,1
-0.398404,-5.03183,-1.63029,1
-0.788642,-4.91544,-2.02686,1
-0.0981139,-4.89084,-1.81883,1
-1.04753,-4.22059,-2.67637,1
0.51331,-4.96131,-1.84023,1
-0.600418,-4.80875,-2.75153,1
0.0468651,-5.4573,-1.83204,1
-0.810057,-4.4513,-2.72832,1
-0.0623831,-4.86594,-1.19935,1
0.867681,-4.55698,-2.75015,1
-0.594429,-4.83816,-1.69438,1
-0.102078,-4.52447,-1.77004,1
-1.19857,-4.39017,-2.1464,1
0.31823,-4.63041,-2.94951,1
0.815148,-4.69129,-2.79754,1
-0.0385553,-4.62954,-2.81058,1
-0.7643,-4.35131,-2.99812,1
-0.70217,-4.71394,-2.84526,1
-0.73655,-4.41878,-2.60956,1
1.01218,-5.082,-2.19212,1
0.50356,-4.20807,-2.82866,1
0.41555,-4.84475,-2.03647,1
0.615338,-4.65954,-2.55294,1
-0.561124,-5.08849,-2.13756,1
0.624176,-4.39696,-2.74923,1
0.716821,-5.10964,-1.82158,1
0.0575268,-4.2931,-3.32328,1
-0.274055,-4.65941,-2.82768,1
-0.558239,-4.55506,-1.62125,1
0.608027,-5.16933,-1.16044,1
-1.1053,-4.86655,-2.62419,1
0.104914,-4.08158,-3.12167,1
0.0454353,-4.59095,-2.61401,1
0.424974,-4.61162,-2.06561,1
0.885191,-4.89179,-2.24898,1
-0.0540337,-4.34036,-3.07787,1
0.33258,-4.22489,-2.88121,1
-0.395727,-4.93238,-1.74945,1
-0.28599,-4.96423,-1.57749,1
-0.171147,-4.00601,-3.52205,1
-0.433001,-4.84122,-2.15957,1
0.0528501,-4.82277,-1.88047,1
-0.369607,-4.82223,-3.12082,1
0.864647,-4.60918,-2.56864,1
0.286438,-4.79534,-2.68563,1
0.272326,-4.50465,-2.42977,1
-0.889117,-4.76522,-2.22288,1
0.291311,-4.42227,-2.75902,1
0.801292,-4.64616,-2.20919,1
0.58587,-4.64697,-2.17709,1
-0.115792,-4.93803,-1.62777,1
-0.178277,-5.26219,-1.51019,1
-0.525087,-4.48197,-2.27744,1
-0.191904,-4.29942,-2.87537,1
-0.85712,-4.50837,-2.77476,1
0.140321,-4.59638,-2.33667,1
-0.811691,-4.4306,-2.86844,1
-0.78126,-4.67458,-2.00046,1
0.07997,-5.40225,-1.14337,1
0.651938,-0.44367,-3.5069,2
-0.0667396,0.393355,-3.46155,2
-0.604114,0.726118,-3.33695,2
-0.0495723,-0.404678,-3.57789,2
0.433157,-0.620571,-3.75501,2
-0.221563,0.807914,-3.06679,2
0.699516,-0.122239,-3.41562,2
-0.122979,-1.78385,-3.12127,2
0.403476,-0.957536,-3.77332,2
-0.85318,-0.597297,-3.35288,2
-0.499466,-0.579569,-3.14714,2
0.878736,-0.775024,-3.31673,2
0.0550323,-0.653544,-3.13443,2
-1.15787,0.0771813,-3.76137,2
-1.26955,0.415321,-3.28359,2
-1.53083,-0.0731396,-3.57028,2
-0.376758,-1.20058,-3.52745,2
-0.105691,-0.546707,-2.88176,2
-0.658343,-1.19013,-3.45745,2
-0.0685115,-1.03767,-3.22807,2
0.032846,0.628873,-3.58017,2
0.0981917,0.872967,-3.63797,2
-0.641439,-0.628,-3.06392,2
-0.734598,-0.0469877,-3.37815,2
0.0602183,0.105504,-3.46647,2
-0.74969,-0.462396,-3.42895,2
-0.682582,-1.24587,-3.24932,2
-0.402268,-0.902663,-3.47435,2
-0.94204,-1.11928,-3.50827,2
-1.0593,0.587871,-3.15652,2
-0.523045,-1.29505,-3.33019,2
-0.365583,-1.43102,-3.49485,2
-1.11805,-0.748427,-3.61596,2
0.0723786,-0.368482,-3.42288,2
-0.319305,-0.910561,-3.33071,2
-0.0758576,0.354982,-3.19486,2
-0.0342121,-0.0489635,-3.22394,2
0.552153,-0.896072,-3.06435,2
-0.934502,0.434862,-3.19528,2
-0.906721,-0.202977,-3.47979,2
-0.495313,-0.417407,-3.60145,2
-0.962155,-1.12365,-3.076,2
0.555465,0.399826,-3.27506,2
1.23542,-0.288228,-3.3675,2
-0.645687,-0.756974,-3.43337,2
0.610522,-0.346539,-3.80566,2
-0.740598,0.160582,-3.21781,2
0.5179,-0.397402,-3.54238,2
0.162447,-0.917174,-3.54032,2
-0.231345,-0.949732,-3.10403,2
-1.36067,-0.53058,-3.42851,2
-0.672787,0.276479,-3.09477,2
-0.93455,0.186827,-3.44462,2
-1.2786,0.291576,-3.21139,2
-0.744407,0.679313,-3.73091,2
0.065415,-1.45412,-3.24161,2
0.507549,-0.208104,-3.51993,2
-0.445043,-0.7797,-3.4502,2
-1.25812,-0.623475,-3.42391,2
-1.16102,-0.405614,-3.41744,2
-0.78954,-0.750081,-3.46598,2
-0.741695,0.475961,-3.31585,2
0.612366,-0.830329,-3.4546,2
-0.693946,-1.18205,-2.88471,2
0.565988,-0.35087,-3.75796,2
-0.913421,0.467606,-3.45027,2
-1.17701,-0.519196,-3.2309,2
0.0430777,-0.893621,-3.44436,2
-0.397156,0.395334,-3.52373,2
-0.0707058,1.38182,-3.73718,2
-0.672347,-0.145911,-3.21668,2
-0.28082,0.0548097,-3.42891,2
-0.75397,-0.321593,-3.57448,2
-1.12153,-0.926845,-3.55175,2
-0.522339,-1.76419,-3.5514,2
-0.00500357,0.999457,-3.258,2
-1.06652,0.494132,-3.18909,2
-1.61625,-0.630731,-3.05844,2
-0.209615,-0.331149,-3.60433,2
-0.185285,-0.538634,-3.49901,2
1.06426,-0.206583,-3.37534,2
0.993009,-0.545391,-3.16715,2
-0.135079,-0.644093,-3.52673,2
-0.776829,-0.776339,-3.33081,2
0.0968675,-0.0378452,-3.84607,2
-0.822844,-0.234188,-3.18878,2
-0.120823,-1.17183,-3.42376,2
0.568688,-0.241229,-3.47215,2
-0.765289,0.428104,-3.32333,2
0.391107,-0.669965,-3.36391,2
0.371067,-1.21854,-3.43982,2
-0.0820898,-0.375443,-3.32134,2
-0.865203,-0.379567,-3.47951,2
0.607962,-0.506902,-3.35425,2
-0.898149,-0.739863,-3.383,2
0.465944,-0.87338,-3.58748,2
0.2915,-0.0299494,-3.48781,2
-0.555164,-1.08211,-3.488,2
0.405039,-0.173682,-3.30343,2
-0.456474,0.448862,-3.44602,2
0.205137,0.0632486,-3.56731,2
-0.181576,-0.438967,-3.81081,2
-0.363274,-1.12322,-3.08733,2
-0.38774,0.378371,-3.69516,2
-0.0313087,0.460212,-3.20359,2
0.482537,-0.766176,-3.29915,2
0.482939,0.202668,-3.61272,2
-0.933469,-0.640884,-3.54526,2
-0.697646,-0.218293,-3.31556,2
-0.544577,0.43457,-3.68967,2
-0.701348,-0.725738,-3.39391,2
-0.868894,0.429632,-3.45838,2
-0.255508,-0.473227,-3.60708,2
-1.06359,0.204564,-3.1251,2
-0.552265,-0.802911,-3.44275,2
0.457442,-1.06949,-3.33741,2
-1.27683,-0.431458,-3.36325,2
0.59923,-0.0998116,-3.5708,2
-0.145241,0.523716,-3.88253,2
-0.504519,-0.102001,-3.5089,2
0.725879,-0.99768,-3.51127,2
-0.605868,-0.12744,-3.11419,2
-0.310517,0.482131,-3.55046,2
-1.39605,0.12734,-2.91145,2
-0.893697,0.31834,-3.01191,2
0.310944,-0.921197,-3.21687,2
-1.3027,-0.598598,-3.17959,2
1.14042,0.0572908,-3.41383,2
-0.996136,0.429074,-3.06167,2
-0.773893,-1.5589,-3.38926,2
-0.223435,-1.28475,-3.20739,2
-0.3799,0.747651,-3.85261,2
-0.609206,0.0556339,-3.73318,2
-1.21231,-0.25905,-3.4227,2
-0.336912,0.889683,-3.48893,2
0.555168,-0.524894,-3.34396,2
-0.920686,0.247285,-3.52083,2
-0.248226,-1.37706,-3.43625,2
0.277996,0.277594,-3.17054,2
-0.127507,-0.740262,-3.19149,2
-0.397512,-0.0898926,-3.56964,2
-0.897598,-0.131185,-3.21175,2
0.0294268,0.389515,-3.35528,2
0.470763,0.221472,-3.56763,2
-0.346524,-0.0176266,-3.43317,2
-0.0170348,-0.0502928,-3.47622,2
0.623755,0.39705,-3.33929,2
0.940137,0.00111714,-3.2263,2
-0.484813,-0.176126,-3.65812,2
-0.718005,-0.644828,-3.36877,2
-0.11536,-0.272125,-3.40352,2
0.162304,-0.0708547,-3.58776,2
0.61846,-0.436215,-3.28149,2
-0.0761378,0.428859,-3.61633,2
-1.37139,0.411335,-3.61114,2
-1.49523,-0.448538,-3.28817,2
0.379709,-0.76658,-4.01146,2
-0.117446,-0.266774,-3.38052,2
-0.515992,-2.00023,-3.11673,2
-0.214005,-1.11442,-3.16734,2
-0.291944,0.713114,-3.40777,2
0.620839,-0.327962,-3.46213,2
-0.158863,-0.189756,-3.57108,2
0.00551462,-0.205577,-3.53607,2
-0.361414,-1.02924,-3.49133,2
0.273277,-1.03125,-2.88551,2
-0.515443,-1.26805,-2.91928,2
-1.07591,-0.0430816,-3.22379,2
0.290788,0.874988,-3.54231,2
0.0951199,0.515289,-3.49296,2
-0.017898,-0.635478,-3.14206,2
-0.811525,0.175627,-3.67489,2
-0.663549,0.447485,-3.72283,2
0.407983,-0.81735,-3.48726,2
0.605247,-0.720024,-3.41953,2
-1.31881,0.0238936,-2.88191,2
-0.0854803,0.837654,-3.37291,2
-0.496392,0.437175,-3.33506,2
-0.471448,-0.512973,-3.29228,2
-0.217615,-1.25243,-3.48321,2
-1.19936,-0.366676,-3.44651,2
-1.00379,-0.422632,-3.21124,2
-0.322384,0.0915222,-3.52511,2
-0.0356577,-0.530494,-2.80943,2
0.39219,-0.551205,-3.40415,2
0.812369,-0.984298,-3.02336,2
0.00624598,-1.16554,-3.09363,2
-0.548009,-0.87798,-3.22628,2
0.527219,-0.315421,-3.68233,2
-0.858953,-0.312971,-3.20382,2
-0.0552816,-0.172019,-3.46791,2
-0.11013,-1.10065,-3.20699,2
-1.41071,0.0719735,-3.40822,2
0.525397,-0.0829198,-3.36212,2
-0.518063,0.645302,-4.01178,2
-1.22908,-0.682778,-3.14586,2
0.284086,-0.173205,-3.636,2
-0.379304,-0.754169,-3.64683,2
-0.689972,0.442381,-3.54728,2
-1.6248,-0.420124,-3.61711,2
-0.922604,-0.286198,-3.44181,2
0.534897,-0.786415,-3.35131,2
0.745581,-0.263416,-3.73205,2
-0.672559,-1.16151,-3.32241,2
0.766951,-0.467898,-3.43994,2
0.533371,0.0682848,-3.5203,2
0.291922,-1.02332,-3.46105,2
-1.19112,-0.635053,-2.96574,2
-0.843495,-0.28258,-3.48244,2
-0.618833,-1.12114,-2.8616,2
-0.798849,-0.0300871,-3.5668,2
-1.17736,-0.174271,-3.106,2
-0.996814,-0.645518,-3.23186,2
0.110265,-1.1612,-3.43413,2
0.875958,-0.369148,-3.60564,2
-1.34093,-0.0438003,-3.36539,2
0.630618,-0.107276,-3.25015,2
0.113171,0.945845,-3.49776,2
-0.615566,-1.55994,-3.17878,2
0.554363,0.0940052,-3.36818,2
-0.165217,-0.855033,-3.26337,2
0.818982,-0.431948,-3.44173,2
-0.658732,0.181435,-3.35239,2
-0.322347,0.3892,-3.4257,2
-0.159881,-1.19462,-3.55513,2
0.475209,0.259834,-3.22622,2
0.980075,-0.73042,-3.32176,2
-0.345762,0.549719,-3.58966,2
0.58641,0.359807,-3.40121,2
-0.131241,-0.523402,-3.38115,2
0.0339361,-1.06477,-3.14211,2
-0.154802,-0.674766,-3.59933,2
-0.498395,-1.562,-2.95611,2
0.0568053,-0.210077,-3.14262,2
-0.514084,0.370332,-3.45865,2
0.0572525,-0.904771,-3.48561,2
-0.435373,0.261527,-3.22871,2
-1.03343,-0.479355,-3.48907,2
0.472196,0.341247,-3.62336,2
0.493394,-1.15272,-3.44733,2
0.537388,-0.185789,-3.31766,2
-1.35414,-0.189285,-3.28644,2
-0.199098,-0.440965,-3.79989,2
-0.96934,-1.14204,-2.97723,2
-0.808547,-1.06638,-3.37736,2
-0.364032,-0.893566,-3.19079,2
0.010617,-0.35954,-3.23109,2
-1.67403,-0.334992,-3.76597,2
0.453228,-0.129619,-3.3328,2
-0.448942,-0.118089,-2.99115,2
-0.00206874,0.170308,-3.60678,2
-0.982263,-0.211663,-3.2327,2
-0.202581,-0.760625,-3.53401,2
0.426191,-0.165793,-3.36175,2
-0.706184,-1.24159,-3.30891,2
1.05173,-0.462021,-3.40743,2
-1.53044,-0.290559,-3.55401,2
-0.842316,-0.228772,-3.6761,2
-0.0864572,-1.09898,-2.96216,2
-0.378121,0.0299712,-3.31972,2
-0.179217,-0.107834,-3.06709,2
-0.908753,-1.19492,-3.0074,2
0.636009,-0.536212,-3.4699,2
-0.0524124,0.15553,-3.12882,2
-0.525634,-1.37514,-3.44136,2
0.296263,-0.902588,-3.29344,2
-0.207416,0.0289211,-3.42366,2
-0.261706,0.146202,-2.9014,2
0.157068,0.239071,-3.5955,2
-0.0972259,-0.426018,-3.36817,2
-0.839986,-0.0938025,-3.16987,2
-0.0155064,-0.914825,-3.32947,2
-0.773438,-0.0472209,-3.48195,2
-0.0823693,-1.33558,-3.61246,2
-0.331593,-1.30312,-3.41952,2
0.167814,-0.668844,-3.4122,2
-0.686327,-0.442695,-3.54136,2
-0.256978,0.893183,-3.81303,2
0.107073,-1.22425,-3.4513,2
0.763018,-0.411317,-3.34838,2
-0.240845,-1.69503,-3.19371,2
-1.26305,-0.830778,-3.35823,2
-1.19523,0.366127,-3.1908,2
-0.105795,-0.793557,-3.30477,2
0.394022,0.321454,-3.41781,2
-0.577142,0.275934,-3.26998,2
0.441542,-0.180851,-3.56573,2
-0.162197,-0.0531874,-3.23611,2
-0.128063,-0.011323,-3.79761,2
0.0329279,-0.36319,-3.08139,2
-0.288782,-0.247078,-3.0278,2
0.467938,-0.999622,-3.19072,2
-0.110594,0.378817,-3.67981,2
-0.8097,0.145796,-3.26165,2
-0.464215,0.379268,-3.15482,2
0.555775,-0.446451,-3.52067,2
0.714535,-0.526573,-3.45433,2
-0.590833,-0.139248,-3.36143,2
0.318411,-0.76083,-3.48985,2
-0.272898,-0.8508,-2.90542,2
0.796632,0.454819,1.75287,3
0.461118,0.845372,0.680372,3
1.76868,0.771892,0.462797,3
0.73718,1.50316,1.35209,3
0.464518,0.392722,1.76222,3
0.493876,1.56987,0.857794,3
0.441932,0.411571,1.05773,3
0.671707,1.66848,0.308669,3
0.911988,0.985508,1.22016,3
1.39576,0.487275,0.987184,3
0.201527,0.49988,2.11455,3
1.69797,0.617452,0.647076,3
0.647044,1.14935,1.05517,3
1.14924,-0.284556,1.39425,3
1.59142,0.932893,0.246598,3
0.606341,0.157304,1.49914,3
1.10685,1.56755,0.473221,3
1.02683,1.21825,1.14658,3
0.730428,1.65868,0.731368,3
0.393719,1.19938,1.3811,3
1.62644,1.19979,0.43089,3
0.0977507,0.562278,1.51994,3
0.348983,0.662183,1.57439,3
0.464512,1.28797,1.51558,3
1.46751,0.761177,0.771941,3
-0.339291,0.874362,1.57639,3
0.180765,1.5202,1.22209,3
1.97359,0.371187,0.448236,3
-0.285763,0.960172,1.38905,3
0.266754,-0.107617,1.85458,3
1.72873,0.0868866,0.942651,3
-0.0873617,1.27205,1.89967,3
0.993681,1.14893,0.812803,3
1.37664,-0.364,1.47135,3
1.12197,0.0103394,1.12899,3
0.756521,1.11713,1.01729,3
0.466497,1.43283,1.61402,3
1.50425,0.197147,1.26542,3
0.555059,0.123983,1.89408,3
1.70936,0.53854,0.766172,3
0.566076,1.02274,0.765665,3
0.138005,0.881949,1.70305,3
0.350592,0.922732,1.7416,3
0.587492,0.726069,1.43618,3
-0.124801,0.971386,1.86467,3
1.15272,0.377034,1.2226,3
1.00885,0.469684,1.45479,3
1.76993,0.421017,0.392811,3
1.05822,0.078083,1.07332,3
0.0550904,1.19827,1.2553,3
0.288008,1.06686,1.79887,3
0.706574,0.566772,1.38752,3
1.12124,-0.0810761,1.18461,3
1.23187,0.817702,0.890979,3
0.906688,0.464749,1.51518,3
1.40773,-0.129455,0.813751,3
1.1173,0.837001,0.494791,3
0.303405,0.531205,1.47996,3
1.23953,0.117698,1.46993,3
1.40366,0.221568,0.94126,3
1.37741,0.626481,0.614863,3
1.41832,0.420537,1.13675,3
1.57774,1.05012,0.628942,3
0.73405,-0.439059,1.67984,3
0.899372,0.630372,1.69575,3
1.20913,1.64663,0.994276,3
0.233747,0.841943,1.63395,3
1.84909,0.6025,0.675522,3
1.06704,0.428939,0.641921,3
1.86773,0.835691,0.394344,3
-0.137897,0.9841,1.456,3
1.12898,0.0484902,1.37181,3
0.56292,0.637565,1.77628,3
-0.169788,0.675455,2.01412,3
1.15014,0.97401,1.04293,3
1.18206,1.09312,1.06644,3
0.587673,0.85456,1.5264,3
0.276154,0.325496,1.49586,3
1.5299,0.372187,0.707422,3
0.713349,0.291981,1.74695,3
0.83857,0.036421,1.61023,3
1.14003,1.08317,0.676677,3
0.699032,0.690716,1.57098,3
1.34787,0.514648,0.938667,3
1.02599,0.886638,0.991012,3
0.413941,0.986744,1.45588,3
1.31474,1.35289,0.77093,3
0.562714,1.30879,1.16954,3
0.464132,0.944544,1.24678,3
0.152405,1.16685,1.4678,3
1.78015,1.09725,0.630445,3
0.480703,0.379376,1.36872,3
0.223307,0.754934,1.50887,3
-0.121356,0.518198,1.86072,3
0.819451,0.803396,0.891356,3
0.436514,-0.172839,2.4313,3
0.915816,1.34389,0.657771,3
-0.0844648,1.3667,1.66641,3
0.965408,0.487944,1.31264,3
0.994949,-0.0726676,1.81344,3
1.01805,0.827733,1.18356,3
0.686122,0.547012,1.01134,3
0.850116,0.840252,1.10728,3
1.63268,0.420103,0.736194,3
1.81362,0.879696,0.678061,3
0.719786,-0.423713,1.95265,3
1.07609,1.14965,0.739904,3
0.945391,0.81192,0.931947,3
0.745725,0.933946,1.09988,3
1.56727,0.654379,0.263049,3
1.39003,0.156848,1.14766,3
0.737086,0.666608,1.46202,3
0.431431,0.575575,1.20165,3
1.14288,1.59644,0.218891,3
1.61836,0.368342,0.397601,3
0.888285,0.938804,0.597821,3
0.184748,0.949528,1.42941,3
-0.0448771,1.03917,1.59199,3
0.994599,0.796541,1.02325,3
1.47411,0.731222,0.827167,3
0.965417,-0.425948,1.64282,3
0.35912,1.3332,0.730407,3
1.53165,0.48154,0.797043,3
-0.0656488,0.967257,1.72963,3
0.393379,0.118538,1.67882,3
0.0723658,0.397369,1.86906,3
-0.148118,0.522069,1.62165,3
1.2177,0.362956,1.19566,3
1.2771,-0.877975,1.40961,3
1.03198,1.02811,1.51859,3
0.894974,0.57997,1.28302,3
0.40556,0.519088,0.902379,3
1.65652,0.0278522,1.06108,3
1.18242,0.642821,0.934098,3
0.634589,1.04258,1.34432,3
2.02016,0.688155,0.562596,3
0.0166146,0.549524,1.73823,3
0.878591,0.725297,1.08438,3
0.299704,0.546832,1.34239,3
0.842006,1.2674,0.969749,3
1.18299,0.295952,1.00864,3
0.948106,1.57009,0.433302,3
1.25734,1.08241,0.645977,3
0.43517,-0.614141,2.06016,3
-0.129679,0.372006,1.5235,3
1.31624,0.842011,0.424488,3
0.851211,1.80094,0.952939,3
0.555239,-0.070492,1.45736,3
-0.292697,1.42015,1.48053,3
1.16887,0.0510261,1.69642,3
0.972605,-0.27221,1.4413,3
1.21299,1.10948,0.812325,3
0.344264,0.751796,1.78365,3
0.423479,1.80955,0.557989,3
1.01366,1.99658,0.673034,3
0.953289,0.417067,1.36169,3
0.663023,-0.162248,1.80491,3
0.279389,0.365111,1.79673,3
0.246632,0.918449,1.52092,3
1.80443,0.772552,0.667524,3
1.11686,0.542713,0.810874,3
1.85173,0.868307,0.52468,3
1.94573,0.646763,0.510209,3
-0.0666218,0.310201,1.82269,3
1.54805,-0.0220027,1.46436,3
0.144757,1.32076,1.44303,3
1.85619,0.110754,0.763913,3
1.13148,-0.100467,1.32425,3
-0.130356,0.945003,1.95214,3
0.129381,0.911963,1.07736,3
0.364984,0.785968,1.52519,3
1.37737,0.0780397,1.07915,3
1.79838,0.326952,0.301796,3
1.07792,0.154715,1.55349,3
0.826537,0.298873,1.28075,3
0.70007,-0.125754,1.26843,3
0.593884,1.32287,1.43971,3
0.278415,0.641079,1.79335,3
-0.0312913,0.60806,1.66237,3
0.526889,0.83573,1.71107,3
0.327706,0.388305,1.85715,3
0.234408,1.10885,1.70947,3
0.994826,1.29511,0.659335,3
1.02028,-0.355242,1.58632,3
1.17433,0.593556,1.31008,3
2.16973,0.892917,0.338457,3
0.701941,0.0406488,2.0377,3
0.98042,0.151076,1.16858,3
0.496133,0.190015,1.92039,3
0.810915,1.73033,0.785041,3
1.37561,1.24878,0.460776,3
-0.0729134,1.21849,1.30547,3
0.31132,1.47799,1.34475,3
0.158948,0.946588,1.73515,3
0.751752,0.970231,1.13675,3
1.08825,1.29124,1.21617,3
1.42729,0.249726,0.796331,3
1.25823,0.605705,0.303424,3
0.887032,0.663881,1.04477,3
1.74848,0.698219,0.806898,3
1.40886,0.194252,0.906328,3
0.0624038,0.721225,1.56625,3
1.67839,0.16708,0.782076,3
1.2289,0.121575,1.23794,3
0.87381,0.933059,0.91196,3
0.339545,0.402261,1.45581,3
1.43319,0.454139,0.854393,3
0.921115,-0.0251136,1.51621,3
0.407528,0.108683,1.92801,3
-0.18973,0.844125,2.1432,3
0.549222,1.23539,1.31721,3
1.13567,1.03694,0.79737,3
0.634645,1.17718,0.90374,3
1.24545,1.21343,0.875132,3
1.14904,0.076057,1.64347,3
0.472288,0.0318988,1.42201,3
0.368858,0.00016451,1.78668,3
0.853825,0.663061,1.4629,3
0.524256,0.690188,1.27864,3
-0.117267,0.789933,1.77173,3
1.01194,1.15379,0.755205,3
0.699419,0.751176,1.3483,3
0.0591339,1.48328,1.14846,3
1.35126,-0.185549,1.23004,3
0.598022,1.63274,0.715919,3
0.402097,1.43442,0.830867,3
1.53208,0.313102,0.65411,3
0.916794,1.41908,0.803995,3
1.02984,0.368466,0.997223,3
0.793805,1.10478,0.982934,3
0.744326,1.3923,0.992468,3
0.552113,0.715695,1.18116,3
1.6261,0.273124,1.2034,3
0.804544,-0.0955138,1.74469,3
1.53779,0.120683,1.42133,3
0.974173,0.765037,1.56651,3
1.47161,1.052,0.52884,3
1.0513,0.858818,0.361269,3
0.393968,1.27154,1.34142,3
0.824801,1.57774,0.781868,3
1.31957,0.671831,0.786407,3
1.08377,1.34362,0.818341,3
0.808376,-0.258024,1.86607,3
0.874146,1.1123,1.35299,3
0.735658,0.447083,1.77443,3
1.32715,0.781011,0.872962,3
1.21633,0.264491,1.17204,3
0.816164,-0.488087,1.68724,3
0.143982,0.970393,1.29898,3
1.33417,0.370389,0.559948,3
1.635,0.234042,0.997338,3
0.329158,1.45083,0.692592,3
1.51738,-0.176751,1.08001,3
0.968667,1.46559,0.571269,3
0.495191,-0.275718,1.60936,3
0.851755,1.49791,0.458311,3
0.75615,0.323462,1.42318,3
0.538384,-0.444944,2.02338,3
1.88538,0.387043,0.560367,3
0.552238,1.55039,0.578022,3
1.0861,0.647799,1.19101,3
0.825349,1.02524,1.26327,3
1.10685,0.887761,1.02533,3
0.451389,1.62503,0.988767,3
1.5557,0.349416,1.37439,3
1.13373,0.196941,1.05793,3
0.61363,0.810332,1.18003,3
1.60205,0.752486,0.554065,3
1.3305,0.797206,1.10544,3
0.0952061,1.63186,1.29825,3
1.9175,-0.0323893,1.07859,3
1.13629,0.570927,1.29059,3
2.02915,0.198106,0.62167,3
-0.0206846,1.28603,1.54753,3
1.04508,1.51124,0.837156,3
0.685358,0.55344,1.23067,3
1.68936,0.108604,1.11846,3
0.248379,0.685201,1.353,3
0.57669,0.090261,1.46498,3
0.346589,0.951401,1.61629,3
0.385506,1.27489,0.832444,3
1.29814,-0.151227,1.29869,3
1.90568,0.26159,0.310754,3
0.971579,1.71876,0.691312,3
2.30494,0.738479,0.868534,3
0.802017,1.60342,0.685662,3
1.86147,0.236275,0.95053,3
-0.0244887,0.915154,1.42831,3
0.225078,0.889623,1.35403,3
0.857341,1.17962,1.19741,3
1.19846,0.26289,0.974638,3
1.07991,1.42988,0.916786,3
1.05517,1.04167,0.534341,3
0.972385,0.604609,1.06064,3
1.1981,0.492855,0.666978,3
0.433726,1.95186,0.521027,3
0.660284,1.26447,1.43384,3
0.640419,1.47581,0.739021,3
-0.0127715,1.69573,1.52806,3
0.371696,1.01223,1.68619,3
-3.11397,-3.20484,-3.37612,4
-3.01799,-3.02952,-3.24312,4
-2.63482,-3.44589,-3.2679,4
-2.19362,-4.38502,-2.8933,4
-2.1982,-4.39022,-2.65135,4
-2.52338,-4.13253,-3.29971,4
-3.27092,-3.21479,-3.5287,4
-3.16904,-3.65434,-3.36953,4
-2.92412,-3.26618,-3.13271,4
-3.62667,-3.41373,-3.41516,4
-4.07218,-3.01933,-3.36788,4
-2.48575,-3.857,-3.04463,4
-2.9263,-3.64055,-3.18732,4
-2.94512,-3.45194,-3.2074,4
-2.83429,-3.19763,-3.77215,4
-2.21844,-4.31992,-2.71202,4
-2.24545,-3.81573,-3.26394,4
-2.60863,-3.8041,-3.31682,4
-2.81175,-3.22026,-3.50138,4
-2.86992,-3.8898,-3.22246,4
-2.50751,-4.11548,-3.03571,4
-3.14506,-3.51798,-3.23338,4
-3.02534,-3.54201,-3.06013,4
-2.14597,-4.1853,-2.93279,4
-3.5902,-3.36227,-3.29196,4
-3.23364,-3.86129,-2.95358,4
-2.10027,-4.64155,-3.31273,4
-3.35577,-2.81433,-3.3557,4
-1.9539,-4.7097,-2.95684,4
-2.89534,-3.77565,-3.08047,4
-3.41665,-3.21012,-3.16746,4
-2.39019,-3.69227,-3.08658,4
-2.8815,-3.79903,-2.93466,4
-3.40083,-3.4838,-3.23796,4
-3.21442,-3.22772,-3.21102,4
-2.67541,-3.55772,-3.18673,4
-2.57865,-3.79049,-3.39467,4
-2.98511,-3.05581,-3.54958,4
-3.21944,-3.3368,-3.40012,4
-2.38006,-3.76107,-3.13047,4
-3.03389,-3.37053,-3.40765,4
-2.65955,-4.0436,-2.75948,4
-3.28744,-3.42255,-3.38782,4
-3.81428,-2.85099,-3.44566,4
-2.46602,-3.65373,-2.80162,4
-3.30823,-3.4396,-3.12506,4
-3.22486,-3.68184,-3.22383,4
-2.48196,-3.97628,-2.9781,4
-3.1347,-2.46674,-3.07165,4
-2.19375,-3.93208,-3.13654,4
-2.20094,-4.198,-3.15643,4
-2.44142,-4.04775,-3.07602,4
-2.63569,-4.1139,-2.93331,4
-3.33117,-3.74876,-3.33545,4
-3.37441,-3.66775,-3.34208,4
-3.45688,-2.97015,-3.45481,4
-2.67371,-3.82022,-3.14551,4
-2.58932,-3.57054,-3.19096,4
-3.59682,-3.44396,-3.10583,4
-3.25283,-3.14029,-3.36534,4
-3.06543,-3.28791,-3.23412,4
-2.20673,-4.16604,-2.9365,4
-3.168,-3.55115,-3.216,4
-2.25802,-4.36718,-2.85162,4
-3.41526,-3.42217,-3.44526,4
-3.25261,-3.21931,-3.1315,4
-3.10245,-3.37775,-2.97793,4
-2.41673,-3.89988,-2.88381,4
-2.86165,-4.03484,-2.80908,4
-2.15158,-4.23253,-3.43992,4
-2.22476,-4.55347,-2.96792,4
-1.81514,-4.24575,-2.89082,4
-2.49209,-3.53293,-3.18146,4
-2.66887,-3.94127,-3.04261,4
-2.75132,-3.32739,-3.25675,4
-3.30563,-3.21072,-3.46487,4
-3.43713,-3.44996,-3.3985,4
-2.46727,-3.60955,-2.97664,4
-2.93747,-3.82131,-3.48248,4
-2.58253,-3.56882,-2.90199,4
-2.42984,-4.28887,-2.7742,4
-2.82066,-3.56257,-3.20972,4
-2.46954,-3.70668,-3.39367,4
-2.94431,-3.38969,-3.19537,4
-2.25652,-3.72401,-2.63193,4
-2.75213,-3.56639,-3.23394,4
-2.903,-4.36628,-2.83752,4
-2.38436,-3.5618,-3.35367,4
-3.04281,-3.34447,-2.95398,4
-2.64325,-4.40421,-2.74948,4
-3.20337,-3.6987,-3.24783,4
-2.59773,-3.84859,-3.03042,4
-2.55134,-3.96654,-2.89037,4
-2.57952,-4.14353,-2.73695,4
-2.94894,-3.99109,-3.07274,4
-3.48805,-3.09209,-3.2371,4
-3.03457,-3.52749,-3.60676,4
-3.76077,-3.29572,-3.46682,4
-2.33797,-4.36655,-3.27823,4
-2.66956,-4.03518,-3.13514,4
-3.15748,-2.6112,-3.1933,4
-2.2045,-4.2455,-3.26953,4
-2.024,-4.22833,-2.78474,4
-3.73271,-3.387,-3.29863,4
-2.26303,-4.43444,-3.09849,4
-2.34829,-3.81256,-3.05532,4
-2.99479,-3.80778,-2.96385,4
-3.02493,-3.27417,-3.68143,4
-3.1028,-3.77049,-3.22128,4
-3.45859,-3.15784,-3.11385,4
-3.09646,-3.37698,-3.23175,4
-2.2832,-3.88714,-3.24946,4
-2.10385,-4.13269,-2.87684,4
-2.55275,-3.86773,-3.23411,4
-2.70813,-4.19861,-3.29416,4
-3.51077,-3.14358,-3.19878,4
-3.22176,-3.47521,-3.49295,4
-2.24196,-4.14308,-2.94877,4
-2.56995,-3.88742,-3.12532,4
-2.87439,-3.41924,-3.16218,4
-2.54361,-4.12111,-2.95817,4
-2.89843,-3.80191,-3.60894,4
-2.64122,-3.67323,-3.13527,4
-2.63555,-3.58266,-2.99035,4
-3.4279,-2.54369,-3.30714,4
-2.99415,-3.01747,-3.36721,4
-2.4163,-4.17216,-3.20925,4
-2.6338,-4.58754,-2.86574,4
-2.37,-4.04115,-2.7714,4
-2.67124,-4.04369,-2.78925,4
-2.78726,-3.62208,-3.01632,4
-2.11904,-4.30442,-3.14304,4
-2.21249,-4.33962,-2.9147,4
-2.36349,-4.63116,-3.05614,4
-2.32622,-4.16349,-2.78155,4
-1.92483,-4.13642,-2.7783,4
-3.43752,-3.10747,-3.29418,4
-3.44772,-3.16633,-3.57761,4
-1.9891,-4.59608,-2.95245,4
-2.17786,-4.18049,-3.09582,4
-2.32836,-4.21351,-3.27847,4
-2.93641,-3.51269,-3.1488,4
-3.14536,-2.86555,-3.13814,4
-2.67788,-3.37449,-2.97341,4
-3.14202,-3.36675,-3.70543,4
-2.29361,-4.20083,-2.77429,4
-2.29666,-3.98892,-3.12164,4
-2.23489,-3.95795,-3.3231,4
-3.02031,-3.06266,-3.22872,4
-3.20455,-3.09244,-3.44269,4
-2.13584,-4.64789,-2.98099,4
-2.62983,-4.21248,-2.95617,4
-3.61205,-3.25972,-3.25434,4
-3.39369,-3.57498,-3.40017,4
-2.74814,-3.1793,-3.49536,4
-3.11294,-3.70087,-3.17931,4
-2.06815,-3.78691,-3.09619,4
-3.18972,-3.34397,-2.97459,4
-2.89108,-3.33378,-3.21296,4
-2.60184,-4.19991,-3.33004,4
-2.72452,-3.41269,-3.01852,4
-3.47472,-3.37473,-3.33284,4
-3.37445,-3.20493,-3.4894,4
-2.71829,-3.80037,-3.05004,4
-2.58862,-3.83048,-3.34008,4
-2.85561,-3.37774,-3.10817,4
-2.61264,-4.04481,-3.02793,4
-2.84423,-3.69884,-3.17806,4
-2.3449,-4.12111,-3.20654,4
-3.12905,-3.10576,-3.04343,4
-2.46088,-4.22988,-3.04974,4
-1.97478,-3.9577,-3.12995,4
-2.8568,-3.52576,-3.3527,4
-2.41095,-3.97208,-3.23552,4
-2.91674,-3.69488,-2.9653,4
-2.54964,-4.32027,-2.93017,4
-2.5413,-3.76446,-3.26379,4
-2.25013,-4.55484,-3.01315,4
-2.71171,-3.5689,-3.15181,4
-1.61619,-4.66247,-2.85859,4
-3.45637,-3.14164,-3.08714,4
-3.33199,-3.22043,-3.08579,4
-2.86093,-3.15108,-3.5562,4
-1.98887,-4.26726,-3.00574,4
-3.5277,-3.1983,-3.14508,4
-2.68204,-3.79558,-3.25802,4
-2.72487,-3.47865,-3.10186,4
-2.55842,-4.2399,-2.90974,4
-3.10974,-3.23104,-3.18381,4
-2.44599,-4.37301,-2.79081,4
-2.49014,-4.13217,-2.93552,4
-3.62863,-3.06091,-3.23843,4
-2.12652,-3.87298,-2.65818,4
-2.70049,-3.61428,-3.01244,4
-2.4051,-4.14996,-3.17596,4
-2.97869,-3.33392,-3.26593,4
-3.05613,-3.49955,-3.2416,4
-3.26973,-3.0598,-3.39188,4
-3.22765,-3.36868,-3.5326,4
-2.75794,-4.0924,-3.22046,4
-3.199,-3.49446,-3.34987,4
-2.30417,-4.00046,-3.04269,4
-2.81027,-3.62797,-2.91352,4
-2.48688,-3.53947,-3.57725,4
-3.31409,-3.52905,-3.14018,4
-2.2884,-3.94339,-3.10093,4
-3.52766,-3.2203,-3.36312,4
-2.5065,-4.19985,-2.95782,4
-2.18903,-4.37261,-2.83298,4
-2.69346,-3.73442,-3.09633,4
-2.22712,-4.07118,-2.73879,4
-3.04195,-3.03013,-2.99832,4
-2.68004,-3.73645,-2.71059,4
-2.56342,-4.22463,-3.03147,4
-3.38493,-3.44364,-3.43829,4
-3.17724,-2.99929,-3.58357,4
-2.92574,-3.61425,-3.59491,4
-2.27921,-4.51117,-2.5701,4
-3.11001,-3.85468,-2.75097,4
-2.39092,-4.50236,-3.25324,4
-3.28912,-3.26191,-3.03748,4
-2.4619,-3.44341,-3.11038,4
-3.20721,-3.44791,-3.1766,4
-3.26037,-3.59436,-3.06117,4
-3.15115,-3.72888,-3.16509,4
-3.34007,-2.87882,-3.19363,4
-1.97005,-3.93014,-3.1334,4
-3.27188,-3.46325,-3.57762,4
-2.05403,-4.48491,-3.01955,4
-2.81069,-3.52734,-3.04003,4
-3.13857,-3.56911,-3.40382,4
-2.69449,-3.74466,-3.01951,4
-2.66737,-3.61267,-2.94607,4
-3.64435,-3.39322,-3.37583,4
-1.88865,-3.99898,-2.92794,4
-2.83051,-3.69846,-3.08893,4
-2.93907,-3.32802,-3.15272,4
-2.50668,-3.92918,-3.08937,4
-2.55026,-3.77057,-3.07176,4
-2.25893,-4.20674,-3.16251,4
-2.98616,-3.34026,-2.99742,4
-3.03279,-3.64418,-3.02092,4
-3.61307,-2.98804,-3.05253,4
-2.7834,-3.77663,-2.94581,4
-2.10371,-4.4431,-2.79637,4
-3.52399,-3.31667,-3.33146,4
-2.56772,-4.19361,-2.98533,4
-3.26676,-3.30789,-3.2396,4
-3.30947,-3.31082,-3.0431,4
-2.67621,-3.67159,-2.79916,4
-3.24497,-3.23801,-3.19783,4
-2.53463,-3.20356,-3.16138,4
-3.25961,-3.13109,-3.4881,4
-2.98574,-2.79448,-3.28771,4
-2.52087,-3.52727,-2.8765,4
-2.18952,-4.26314,-2.92867,4
-3.40096,-3.03432,-3.45827,4
-2.61392,-3.82822,-3.18754,4
-2.40687,-3.83098,-2.90004,4
-3.1273,-3.68393,-2.80445,4
-1.99461,-4.15319,-3.24248,4
-2.19075,-3.95915,-2.81843,4
-2.52799,-3.92165,-3.15722,4
-2.77305,-3.94494,-3.19296,4
-2.70437,-3.56083,-3.11982,4
-3.18021,-2.97614,-3.2111,4
-3.0133,-3.66522,-3.22068,4
-2.58526,-3.2726,-2.89403,4
-2.48642,-4.49475,-3.1281,4
-3.31843,-3.38279,-3.09313,4
-3.55249,-3.03487,-3.06253,4
-2.63512,-3.89847,-3.04693,4
-2.46604,-3.87561,-2.80184,4
-3.25483,-3.32574,-3.58627,4
-2.17257,-4.28707,-2.76765,4
-2.3632,-4.13792,-2.78215,4
-2.44148,-3.80314,-3.03215,4
-2.37218,-4.34756,-2.85546,4
-3.2798,-3.2235,-3.2982,4
-3.41021,-3.06718,-3.44429,4
-2.3014,-4.09074,-2.76738,4
-2.46585,-4.23654,-3.12734,4
-3.47477,-2.86361,-3.13481,4
-3.22752,-3.13645,-3.63579,4
-3.0892,-3.59026,-3.09145,4
-2.77658,-3.86922,-3.2048,4
-1.9213,-4.26402,-3.16403,4
-2.55059,-3.77339,-2.93323,4
-2.13335,-4.59068,-3.15899,4
-2.57526,-4.0515,-3.25181,4
-2.62837,-4.13741,-2.83302,4
-3.46483,-3.28872,-3.27411,4
-2.79804,-3.43859,-3.44238,4
-3.21759,-3.29086,-3.3796,4
-2.14317,-4.17616,-3.2813,4
-1.99569,-4.57847,-3.1752,4
-2.32119,-4.34971,-3.04139,4
-1.95056,-4.1905,-2.98883,4
-3.1096,-3.76291,-3.21343,4
-2.08611,-4.03936,-3.03754,4
-1.26585,0.928477,1.04043,5
-1.33809,0.490456,0.918634,5
-0.0017681,1.71344,-0.429694,5
-0.527579,1.31158,-0.419142,5
-0.681746,0.765789,0.0386976,5
-0.788221,0.800967,0.361907,5
-0.189731,1.30006,-0.0669134,5
-0.995051,0.742422,0.692957,5
-0.662256,0.952456,0.36449,5
-0.447064,0.83331,0.566117,5
-1.36168,0.538124,0.674517,5
-1.09474,0.672123,0.851038,5
-0.906312,0.475646,0.539974,5
-1.32021,0.466773,0.811661,5
-0.239629,0.980297,0.296128,5
-1.01503,1.36415,0.601694,5
-0.369079,1.15905,-0.0934757,5
0.118947,1.84133,-0.0767265,5
-0.151368,1.37017,0.237292,5
-0.915551,0.366967,0.608671,5
-0.35144,1.41398,-0.213707,5
-0.939587,1.32141,0.379293,5
-0.631764,1.13909,-0.0405931,5
-0.287309,1.36878,-0.155284,5
-0.928797,0.916677,0.246306,5
-0.610219,1.18202,-0.152981,5
-0.714887,1.22013,0.0487661,5
-1.61373,0.353009,1.19064,5
-0.160266,2.02834,0.12011,5
-1.03356,0.925563,0.669461,5
-1.31074,0.460523,1.01855,5
-0.442638,1.05814,0.102949,5
-1.01892,0.927756,0.963282,5
-0.908009,1.12646,0.14441,5
-0.451121,1.69382,-0.193976,5
-0.603302,0.921937,0.315352,5
-0.859306,0.994115,0.272121,5
-0.175856,1.44203,-0.459135,5
-1.07806,0.41221,0.64194,5
-0.443992,1.15759,-0.101078,5
-0.127703,1.3115,-0.0590606,5
0.16655,1.68463,-0.200091,5
-0.945654,0.486187,0.742925,5
-0.850585,1.07948,0.255949,5
-0.277482,1.33732,-0.26931,5
-0.7789,1.13708,0.131204,5
-0.655656,0.921331,0.234162,5
-1.20209,0.394029,0.627579,5
-1.05679,1.02132,0.619929,5
-0.593056,1.38835,0.176944,5
-0.97271,1.20067,0.286433,5
-0.32525,1.07334,0.0991388,5
-0.407686,1.28862,-0.473038,5
-0.210437,1.36948,-0.0822995,5
-0.955503,0.973428,0.344696,5
-0.912285,0.741283,0.736547,5
-0.806789,0.66566,0.987395,5
-1.11131,0.50442,0.482717,5
-1.09753,0.168017,0.633095,5
-0.234198,1.15938,0.449588,5
-0.350204,1.3212,-0.0852544,5
-0.873826,1.17653,0.0849092,5
-0.809481,0.795962,0.955639,5
-0.990163,0.677484,0.476621,5
-0.722135,0.557828,0.801048,5
-1.05101,0.70575,0.43306,5
-0.34897,1.03707,0.216835,5
-0.424778,1.29411,0.334506,5
-0.510364,1.44274,-0.210596,5
-0.401825,1.2786,0.381882,5
-0.246114,1.44818,-0.148876,5
-1.18066,1.43884,0.486958,5
-0.948989,0.835196,0.591989,5
-0.266048,1.56668,-0.113562,5
-1.18404,0.350249,0.857062,5
-1.08227,1.02064,0.627783,5
-0.444187,1.06544,0.242797,5
-0.594033,1.0714,0.04733,5
-0.840094,0.964434,0.568417,5
-0.886571,1.0477,0.391408,5
-1.04619,0.760979,0.507042,5
-0.638187,1.0952,0.256794,5
-0.90436,1.27674,0.323652,5
-1.09739,0.870292,0.357274,5
-0.877416,0.537162,0.432385,5
-1.49585,0.669923,0.279244,5
-0.710507,1.20247,0.302283,5
-0.826369,0.617631,0.429465,5
-1.13705,0.715579,0.599882,5
-1.10619,1.00591,0.165344,5
-0.650556,1.34143,0.278136,5
-0.016941,1.49751,-0.316765,5
-0.432825,1.38361,-0.380638,5
-0.811731,0.683512,0.445594,5
-0.492058,1.26385,0.359447,5
-0.798185,1.05886,0.340904,5
-0.281067,1.80348,-0.592593,5
-0.18044,1.46312,0.278513,5
-1.61543,0.399664,1.05922,5
-0.507365,1.16052,0.0295817,5
-0.498034,1.2679,-0.20643,5
-0.592109,1.55788,-0.168129,5
-0.698363,0.704305,0.384417,5
-0.559864,1.05779,0.535662,5
-0.655231,1.56297,0.227777,5
-0.172431,1.72436,-0.240888,5
-0.289978,1.83134,-0.202903,5
-1.07587,0.614526,0.945403,5
-0.581736,1.4071,-0.335105,5
-0.81954,0.877968,0.193977,5
-1.08663,0.688872,0.465191,5
-0.295439,1.63416,-0.0943885,5
-0.345811,1.26017,0.0355147,5
-1.0318,0.651824,0.65748,5
-0.121735,1.36674,-0.0125741,5
-1.01057,0.687464,0.682551,5
-1.02091,1.0748,0.467712,5
-1.45075,0.640515,0.434862,5
-0.672531,0.573914,0.423637,5
-1.0264,0.68826,0.744613,5
-0.548866,1.14884,-0.0406158,5
-0.851497,0.376455,1.06309,5
-0.96327,0.769807,1.08835,5
-0.747668,1.06715,0.54615,5
-1.12845,0.525579,0.714492,5
-0.975323,1.26815,0.554812,5
-0.180291,1.36464,0.0159499,5
-0.65476,1.13401,-0.208621,5
-0.797729,0.877286,0.669486,5
-0.259333,1.32912,-0.110727,5
-0.84525,0.827988,0.529841,5
-0.86395,1.05702,0.419712,5
-0.732395,1.2935,-0.0584039,5
-0.643701,1.10405,-0.0922572,5
-0.0420551,1.67448,-0.0368443,5
-0.306708,1.89347,-0.258884,5
-1.09621,0.784268,0.517212,5
-0.646985,1.47939,0.117804,5
-1.56877,0.499116,0.833716,5
-0.690125,1.13606,0.290845,5
-1.40772,0.639914,0.46967,5
-0.443936,1.82048,-0.124307,5
-0.482404,1.44648,-0.301862,5
-1.14009,0.586492,0.623828,5
-0.741235,1.23863,0.314689,5
-0.588771,1.0171,-0.136666,5
-0.416872,1.49644,-0.215558,5
-0.856006,0.708402,0.564018,5
-0.944717,0.664807,0.77622,5
-0.938325,0.979749,0.0762788,5
-1.23451,0.381331,0.882015,5
-0.334738,1.15838,-0.0728707,5
-0.686131,1.38391,0.129808,5
-0.755108,0.973246,0.602359,5
-0.6054,0.592148,0.0960906,5
0.140784,1.59935,-0.454211,5
-0.404963,1.55861,0.223479,5
-0.941001,0.755777,0.287637,5
-1.39621,0.821698,0.710632,5
-1.16739,0.696107,1.05097,5
-0.634085,0.977585,-0.186915,5
-1.24168,0.539891,1.10519,5
0.0156564,1.68933,-0.6146,5
-0.410129,1.0015,0.0173293,5
-0.122329,1.47419,0.258755,5
-0.698718,0.789977,0.627768,5
-0.467871,0.791981,0.449124,5
-1.29042,0.617347,0.426926,5
-0.689966,0.775511,0.875511,5
-0.53576,0.935286,-0.0024667,5
-1.07636,0.387726,0.23762,5
-0.475561,1.30775,0.237521,5
-0.756841,1.14878,-0.0701032,5
-0.437603,1.1383,0.249791,5
-0.596635,1.01732,-0.0873758,5
-0.956608,0.792034,0.630886,5
-0.71052,1.4803,-0.371629,5
-1.12622,0.639444,0.965576,5
-0.597323,1.09013,-0.125724,5
-1.02794,0.946465,0.750987,5
-0.554291,1.56381,0.554574,5
-0.598494,1.06837,-0.0366841,5
-0.902325,0.733222,0.521101,5
-0.794296,1.07784,-0.238159,5
-1.19258,0.0788244,0.91118,5
-0.358877,1.47427,-0.181043,5
-0.739989,0.927113,0.418691,5
-0.886511,0.787381,0.764343,5
-0.772191,0.889597,0.468895,5
-1.04071,1.10794,0.529504,5
-1.26323,0.347297,0.859798,5
-0.61446,1.27311,0.0692347,5
-0.171835,1.76214,-0.0600563,5
-1.30914,0.754064,0.671499,5
-0.337941,1.49865,-0.182995,5
-0.541734,1.56507,-0.0538885,5
-0.553411,0.770546,0.451399,5
-1.17877,0.93715,0.619102,5
-0.37329,1.08072,0.0265829,5
-1.3739,0.745134,0.576281,5
-0.416488,1.37358,-0.0144464,5
-0.532759,0.778625,0.23201,5
-0.841063,0.399411,0.187236,5
-0.758538,0.948548,0.811655,5
-0.886867,0.656671,0.781185,5
-0.664523,1.14094,0.42587,5
-0.452081,1.10773,0.288641,5
-0.736576,0.973478,0.275401,5
-1.00711,0.516599,0.630926,5
-0.794128,0.981899,0.315377,5
-0.327802,1.16356,-0.198701,5
-0.597715,1.58409,0.100388,5
-0.573874,1.33572,0.0299697,5
-0.674197,1.06959,0.355635,5
-1.0402,0.793006,0.577049,5
-0.565454,0.944359,0.0348309,5
-1.38528,0.657618,0.487114,5
-1.30509,0.774637,0.303037,5
-0.342348,1.50009,0.158899,5
-0.289805,1.87264,-0.413835,5
-1.47061,0.213,0.653758,5
-1.17474,0.539448,0.442315,5
-1.23497,0.795797,0.745243,5
-0.813405,0.818635,0.741973,5
-0.0598753,1.78888,-0.171097,5
-0.558502,1.29832,0.398128,5
-0.789207,0.562714,0.582628,5
-0.118964,1.48708,-0.103746,5
-0.975572,0.920439,0.57904,5
-0.563403,1.2859,-0.117768,5
-0.381641,1.67322,-0.313823,5
-1.32671,0.797594,0.722577,5
-0.989768,0.503179,0.506107,5
-0.601429,1.12428,0.407401,5
-0.644532,0.673496,0.80348,5
-0.786933,1.02812,0.223953,5
0.237699,1.28992,-0.1332,5
-0.701792,1.20939,-0.0267747,5
-0.265241,1.39914,0.461841,5
-0.799828,0.702009,0.68992,5
-0.593173,1.19602,0.280168,5
-0.872425,1.21335,0.637006,5
-1.44098,0.915239,0.4985,5
-0.0680304,1.43644,-0.37458,5
-1.09212,0.230159,0.733262,5
-1.21268,0.708637,0.797261,5
-0.0841381,1.52093,0.0466539,5
-0.721435,1.1589,0.103862,5
-0.759405,1.02454,0.0412852,5
-0.769309,1.04623,0.213215,5
-0.723576,1.08534,0.463212,5
-1.32348,0.863666,0.182012,5
-0.375559,1.6005,-0.0579873,5
-1.09664,0.42384,1.15757,5
-0.71765,1.37481,0.00191649,5
-1.00019,0.799183,0.654545,5
-0.84623,1.31158,0.198193,5
-0.891152,1.08136,0.444308,5
-0.852475,0.520066,0.272372,5
-1.14812,0.795634,0.448031,5
-0.801882,1.39923,0.513619,5
-0.51157,1.3054,0.283891,5
-1.33248,0.25334,0.59742,5
-0.786104,1.09591,0.43856,5
-0.939731,0.981113,0.273316,5
-0.507654,1.64659,-0.573416,5
-0.329649,1.30834,-0.0516261,5
-0.711827,1.0724,0.330291,5
-0.498066,1.36432,-0.00812217,5
-0.503543,1.33986,0.42021,5
-0.378295,1.6415,-0.0572069,5
-0.622823,0.549466,0.473777,5
-0.519013,1.53761,0.0720407,5
0.0850654,1.13186,0.0460886,5
-0.734426,1.69183,0.0180224,5
-0.611908,0.607059,0.772813,5
-0.402605,1.52785,-0.0545436,5
-0.675729,1.2099,0.307079,5
-0.992294,1.05356,0.377547,5
-0.827165,1.05526,0.162634,5
-0.285919,1.45509,0.00339959,5
-1.23056,0.582559,0.888867,5
-0.956176,1.26164,0.301818,5
-0.529605,1.92625,-0.207804,5
-0.614992,1.03542,0.266047,5
-0.685546,0.846414,0.165378,5
-0.760462,0.837225,0.305126,5
-0.00736643,1.61255,-0.278447,5
-0.361561,0.930219,0.219836,5
-0.971383,0.896574,1.08343,5
-0.467619,1.53259,0.270395,5
-0.986611,1.25161,-0.281315,5
-0.964772,1.3241,0.0117485,5
-0.119487,1.74873,-0.141852,5
-0.273553,1.14343,0.101531,5
-0.419954,1.387,-0.0879055,5
-1.19337,0.213115,0.880274,5
-0.834027,1.42168,0.0744064,5
-0.615935,1.04258,0.356523,5
-1.32703,0.49231,0.553577,5
