x0,x1,flat number
-1.95848,3.31728,0
-1.40883,3.70526,0
-1.35789,4.8372,0
-0.409999,3.94282,0
-0.063088,5.06927,0
-1.38028,4.51117,0
-1.42122,4.64536,0
-0.306187,4.77337,0
-0.863193,4.42456,0
-0.398685,3.82474,0
-1.23525,4.27906,0
-1.52446,4.46585,0
-0.598444,5.33521,0
-1.54665,4.21724,0
-1.06298,3.57381,0
-0.746533,4.48622,0
-0.420241,4.72524,0
-0.824513,4.43826,0
-1.8039,4.53393,0
-0.768873,4.88094,0
-0.355069,3.65728,0
-1.32197,3.60433,0
0.0744299,4.37624,0
-1.13696,4.40396,0
-2.01824,4.9619,0
-0.33259,4.27734,0
-0.853242,3.98273,0
-1.67417,4.09269,0
-2.05122,4.16649,0
-1.93801,3.94028,0
-1.95255,3.82455,0
-2.20028,4.80633,0
-1.90566,3.64954,0
-2.10982,4.46902,0
-2.09442,4.36763,0
-0.712481,4.18793,0
-2.21908,4.22199,0
-1.3713,3.82652,0
-1.54905,3.79257,0
-2.16551,4.58419,0
-1.97906,4.09562,0
-1.55137,3.3192,0
-1.98511,3.78095,0
-1.2889,4.10132,0
-0.484214,4.11004,0
-2.20815,3.85387,0
-0.244921,4.20556,0
-1.50887,4.71352,0
-0.982276,4.11581,0
-0.693952,4.43841,0
-1.58834,4.25698,0
-1.25114,4.68299,0
-0.740849,3.90632,0
-1.05238,4.20385,0
-1.46662,3.85113,0
-1.98703,3.91389,0
-2.40973,3.97377,0
-1.75069,3.98374,0
-0.907035,4.36053,0
-1.19242,3.49714,0
-1.3041,4.52425,0
-2.18747,4.2771,0
-1.27048,5.01673,0
-0.294251,4.85022,0
-0.717666,4.50872,0
-0.637843,4.49393,0
-2.07321,4.41768,0
-0.727908,4.45558,0
-2.10467,3.88645,0
-1.84464,4.798,0
-0.880457,4.47839,0
-0.354394,4.67708,0
-2.61753,4.00092,0
-0.877739,4.08043,0
-1.38179,4.53411,0
-1.85301,4.28421,0
-0.936344,4.92855,0
-1.56241,4.74253,0
-1.06022,4.32495,0
-2.22216,3.75279,0
-1.39094,3.53992,0
-2.31541,3.69585,0
-1.10414,4.57314,0
-1.86114,3.70033,0
-0.445753,4.53358,0
-3.11246,4.50738,0
-1.55977,4.11778,0
-0.283252,4.55413,0
-1.37545,3.63781,0
-2.15748,3.92152,0
0.00022121,4.42511,0
-2.06413,4.10143,0
-0.701842,4.7972,0
-2.31916,4.21349,0
-0.990049,4.24436,0
-0.903815,4.44796,0
-1.32313,4.81934,0
-0.383998,4.59437,0
-0.327541,3.80712,0
-2.32501,3.38511,0
-0.405395,4.42927,0
-0.710885,4.6471,0
-1.1466,3.43299,0
-2.30607,3.95643,0
-0.0693159,4.46827,0
-1.63817,4.36187,0
-1.37224,4.85388,0
-0.165969,4.56565,0
-2.29403,3.43901,0
0.30928,4.65575,0
-1.00539,4.17306,0
-0.489295,4.626,0
-1.55187,4.63121,0
-1.61308,3.39427,0
-2.32122,4.3096,0
-2.16616,4.2364,0
-2.20688,3.81391,0
-1.27516,3.78826,0
-1.86859,4.16855,0
-3.43418,3.98739,0
-0.506141,4.84258,0
-0.972023,4.42025,0
-0.808472,4.45879,0
-1.29636,4.02849,0
-1.07561,4.04624,0
0.0973926,5.01834,0
-1.13756,4.87466,0
-0.571585,4.31481,0
-0.790698,4.06116,0
-1.47153,3.67085,0
-0.89577,4.5639,0
-1.81129,4.84948,0
-0.172178,4.26346,0
-2.00859,4.3101,0
-1.89711,4.28764,0
-0.727287,5.04928,0
-1.06138,4.07736,0
-1.10584,4.15952,0
-1.65146,4.01822,0
-0.74523,3.96688,0
-2.54503,3.4293,0
-2.39864,3.9286,0
-1.06132,3.73478,0
-2.2472,4.30348,0
-0.358413,4.34992,0
-1.11318,4.48124,0
-1.75639,4.30942,0
-1.2632,4.71894,0
-1.77261,4.09592,0
-1.73445,3.59546,0
-0.350924,4.38664,0
-2.41698,4.53184,0
-0.808991,5.00352,0
-1.57377,3.59944,0
-1.71137,4.40409,0
-1.0802,3.87058,0
-0.524162,4.19865,0
-2.55269,4.3681,0
-1.41362,4.11692,0
-1.13684,4.76094,0
-1.53718,4.21652,0
-1.0179,3.36053,0
-1.75928,4.00317,0
-1.91036,4.20616,0
-1.92119,4.42898,0
-1.45751,4.66316,0
-1.75165,4.20783,0
-0.694424,4.81474,0
-1.2835,3.88101,0
-1.83083,4.38624,0
-2.34641,4.06891,0
-0.513153,4.43964,0
-0.662791,4.05327,0
-0.878997,3.94125,0
-2.15643,4.14933,0
-1.66635,4.4747,0
-1.93673,4.17501,0
-0.90275,3.92361,0
-1.24816,3.69906,0
-1.22149,3.90404,0
-1.306,4.87895,0
-2.54909,3.66721,0
-0.667961,4.88462,0
-2.00661,4.58106,0
0.413116,4.79723,0
-1.7799,4.02859,0
-1.04805,3.7858,0
-1.46743,4.26592,0
-0.725531,4.52174,0
-1.95807,4.74958,0
-1.57647,4.40823,0
-2.39231,3.70431,0
-1.23501,4.24533,0
-1.65849,3.70331,0
-1.15282,4.23487,0
-0.611321,3.73479,0
-1.86251,4.31184,0
-1.09752,4.38256,0
-0.476407,4.56089,0
-1.58414,4.75371,0
-0.40844,4.80107,0
-1.50022,4.86907,0
-1.13859,4.40495,0
-0.811151,4.48918,0
-1.29075,4.49941,0
-2.27434,4.21525,0
-0.808882,4.25225,0
-2.28101,4.00619,0
-0.599713,4.1489,0
-1.03629,4.32247,0
-1.57644,5.26091,0
-1.69341,4.37218,0
-1.0108,4.96705,0
-2.25965,3.6817,0
-1.97679,4.8357,0
-0.58404,4.42274,0
-0.396483,4.90956,0
-1.28182,4.37034,0
-0.940926,4.86344,0
-1.99256,4.27262,0
-0.609079,4.8823,0
-0.607688,4.18066,0
-1.4423,4.15691,0
-1.68472,4.15892,0
0.0252483,4.19673,0
-0.205143,4.41355,0
-0.755789,4.20652,0
-0.42231,4.6024,0
-2.79452,2.98793,0
-1.89685,4.73482,0
-0.581182,4.36998,0
-1.40463,4.34963,0
-0.457499,4.62117,0
-0.0246969,4.86089,0
-0.577282,4.8921,0
-2.67394,4.14667,0
-0.789353,4.31281,0
-0.484793,4.22464,0
-0.907688,4.41907,0
-1.1916,4.39915,0
-0.230268,5.15502,0
-1.29082,4.29882,0
-0.307831,4.33194,0
-0.217185,4.91363,0
-1.16158,4.10192,0
-0.86532,4.03764,0
-0.585829,4.6806,0
-2.17113,4.72637,0
-0.68735,4.99207,0
-0.546922,5.0445,0
-0.780186,5.00061,0
-1.45479,4.39539,0
-1.42504,4.54999,0
-2.90194,3.76833,0
-0.00757747,4.87295,0
-0.589369,4.68988,0
-2.20164,5.28531,0
-1.31782,4.20334,0
-2.47605,4.99338,0
-1.97538,4.17845,0
-1.61428,3.62408,0
-0.508537,5.18792,0
-2.13587,3.98232,0
-0.967359,4.94393,0
-0.873695,4.03589,0
-1.20301,3.93706,0
-1.88711,3.73915,0
-0.610628,4.86431,0
-1.53013,4.47893,0
-1.0494,3.94994,0
-1.44138,3.76925,0
-1.58306,4.06108,0
-1.77685,4.22866,0
-0.492492,4.48482,0
-1.80534,4.05018,0
-0.850136,4.0644,0
-0.462887,4.65131,0
-1.18067,3.89345,0
0.0367409,4.94078,0
-1.20021,5.39309,0
-0.160664,4.64836,0
-0.863031,4.84424,0
-2.34367,3.79814,0
-0.755278,4.24252,0
-0.264287,4.21629,0
-1.29646,4.12114,0
-1.99413,3.98036,0
-0.476017,4.6363,0
-1.68266,4.28006,0
-1.9789,4.17384,0
-1.57126,4.21695,0
-1.46092,4.3809,0
-0.404329,4.39985,0
-1.64498,4.26735,0
-2.01533,4.58023,0
-1.42929,4.48448,0
-0.858858,3.89205,0
-1.87974,4.75612,0
-1.51,4.38109,0
-0.581615,4.28624,0
0.665775,0.883381,1
1.05549,0.514185,1
0.808074,0.298072,1
1.12202,-0.235129,1
1.07757,1.54432,1
0.150625,0.693174,1
1.36737,0.0798856,1
-0.607193,0.947393,1
0.83421,0.687891,1
-0.0354256,0.0238393,1
0.224136,0.882956,1
0.819377,0.133639,1
0.68772,0.752149,1
-0.162561,0.187133,1
0.225079,1.13437,1
0.277092,0.881652,1
-0.200462,0.262964,1
0.220196,0.375568,1
-0.25623,0.0482577,1
1.11379,-0.256633,1
-0.277582,0.937401,1
1.34965,0.842165,1
0.364057,1.79451,1
0.712105,0.0761634,1
0.44078,1.64045,1
-0.591281,0.464603,1
0.202522,1.47803,1
0.674145,-0.681594,1
1.05633,0.623069,1
0.31069,-0.271183,1
1.13606,-0.509003,1
0.564767,0.634644,1
0.869715,-0.00319589,1
0.948541,0.706078,1
-0.134068,1.11187,1
0.0951006,0.0901448,1
0.0272254,0.806469,1
0.935438,0.693237,1
0.804073,-0.040674,1
-0.0838736,0.816902,1
-0.114734,1.70115,1
0.074891,0.685319,1
0.313186,0.903778,1
0.735226,0.537387,1
0.957353,0.729706,1
-0.729812,1.05902,1
0.924068,0.217846,1
0.599503,0.628998,1
0.89094,-0.14261,1
1.02632,-0.167331,1
-0.123215,1.76557,1
1.58559,0.0944599,1
1.41054,-0.524211,1
-0.480953,0.303031,1
1.20474,-0.511688,1
0.867465,0.0967408,1
-0.853665,0.627324,1
0.195676,0.835408,1
0.542934,0.264572,1
0.839464,1.48833,1
0.465712,0.880218,1
1.37955,-0.38226,1
0.648369,0.223615,1
0.604167,0.62831,1
0.474045,0.113712,1
0.693499,1.38217,1
-0.209482,0.602586,1
0.481497,0.0292401,1
0.798869,1.04099,1
0.0708839,0.761927,1
0.428296,0.593505,1
0.526393,0.821188,1
-0.238966,0.469325,1
-0.528349,0.616276,1
-0.273172,0.589723,1
-0.522089,1.18972,1
-0.0682838,0.931321,1
-0.643855,0.487493,1
-0.207101,0.474597,1
-0.35983,0.508364,1
1.26228,0.877457,1
0.916581,0.278118,1
0.0529859,1.45879,1
0.592274,0.796239,1
1.02313,0.375346,1
-0.0330723,0.63782,1
0.0425654,0.838436,1
0.536068,0.94006,1
1.61878,-0.0499492,1
0.115165,0.979438,1
1.02931,0.763433,1
0.958434,0.149608,1
-0.308939,0.956499,1
0.417533,1.56852,1
-0.113751,0.971269,1
1.24243,0.100334,1
0.100286,0.879453,1
0.908156,-0.0365645,1
0.382669,-0.158093,1
0.750038,-0.354534,1
0.512002,1.44848,1
-0.450655,1.10922,1
0.903448,0.329065,1
0.745857,0.627464,1
-1.05037,1.57102,1
0.315411,0.427196,1
1.18878,0.00875077,1
1.75767,-0.356337,1
-0.219778,0.736885,1
1.41085,0.110886,1
1.15198,-0.355464,1
0.215337,0.689339,1
0.369926,0.218902,1
-0.370027,0.465988,1
0.0414638,0.43294,1
0.509369,-0.186596,1
0.956497,-0.445489,1
1.03947,-0.0725444,1
0.130637,-0.068932,1
0.356026,0.127573,1
0.96001,0.0223412,1
0.0380032,0.371165,1
-0.140007,0.647371,1
0.723489,0.641496,1
1.72865,-0.0384271,1
0.306271,0.846158,1
-0.208909,1.19934,1
0.457934,-0.357564,1
-0.523145,0.921516,1
0.79316,-0.522888,1
-0.186089,1.08388,1
0.665823,0.522111,1
-0.128071,0.434098,1
0.763109,0.403914,1
1.65129,-0.156218,1
0.617349,0.973896,1
0.154165,0.460808,1
0.515719,0.687576,1
-0.626068,1.3479,1
0.455604,0.0300319,1
0.764792,0.434797,1
0.0291757,0.749315,1
-0.101928,0.764399,1
0.980222,0.0377629,1
0.0765844,0.227062,1
1.00134,-0.0901304,1
0.378529,-0.378911,1
0.836894,-0.306051,1
1.4834,0.0336241,1
0.452273,0.826942,1
0.516389,0.168904,1
1.22133,-0.246828,1
-0.377701,0.621052,1
1.08628,-0.365399,1
0.593704,0.954101,1
0.561608,-0.318879,1
1.46085,-0.0285201,1
0.761497,-0.505243,1
0.947287,-0.0656735,1
0.122629,1.10514,1
0.386165,0.7691,1
0.331541,0.218967,1
-0.456893,0.834671,1
-1.03619,0.790039,1
-0.0830491,1.43046,1
0.536288,-0.656896,1
-0.0782347,0.0474247,1
0.534549,-0.118756,1
0.0330232,0.738686,1
0.472383,0.97962,1
1.26013,-1.23307,1
1.0256,-0.120821,1
0.27139,1.68715,1
0.95081,0.284781,1
0.382165,0.20308,1
0.893687,-0.283314,1
-0.155206,0.915504,1
0.931678,0.88538,1
1.02941,-0.180147,1
0.461789,1.03509,1
1.44211,-0.0141791,1
-0.307741,0.24663,1
-0.185474,1.16691,1
0.529911,0.796621,1
-0.414188,1.0444,1
0.331246,-0.182388,1
0.970398,0.597331,1
0.51871,1.26832,1
1.08152,-0.278911,1
0.239387,0.59745,1
-0.826525,1.38309,1
-0.512089,0.627215,1
1.31512,-0.000287948,1
0.198363,1.13984,1
0.270866,0.931817,1
0.276281,0.0117565,1
0.739728,0.522399,1
-0.514847,0.959435,1
0.490296,1.63037,1
-0.890286,1.2017,1
0.80946,0.360103,1
-0.194553,-0.205366,1
0.292835,1.331,1
0.0869475,0.998619,1
-0.0509596,0.502725,1
0.134921,0.0626326,1
0.904987,0.267775,1
0.984737,0.210761,1
1.07882,0.322378,1
1.32126,0.760222,1
0.682489,-0.547248,1
-0.881698,0.63525,1
0.636245,0.104033,1
-0.481665,0.798644,1
0.600062,0.651697,1
0.605265,1.03098,1
-0.534065,0.540228,1
0.817084,-0.328544,1
0.0185704,1.20312,1
0.254087,-0.0687926,1
0.17353,1.44792,1
0.484835,0.523005,1
0.991309,-0.396862,1
0.100576,0.896887,1
0.270345,0.277606,1
-0.621299,1.46921,1
0.822975,0.216825,1
0.057861,0.869745,1
1.44668,0.698118,1
0.427404,1.10701,1
0.596373,1.62136,1
-0.553001,0.840377,1
0.659615,0.098276,1
1.0599,0.611716,1
0.604311,0.142982,1
0.407166,0.0386197,1
0.46678,0.995918,1
1.83369,0.192323,1
-0.267145,0.107671,1
0.135758,0.764186,1
-0.153425,0.939276,1
-0.0749175,0.604479,1
0.494401,1.3486,1
0.0908899,0.894086,1
0.118023,-0.282407,1
0.176858,0.77532,1
-0.588483,0.274912,1
0.381698,0.742477,1
0.10657,-0.0117492,1
0.104472,0.770503,1
0.427933,0.476956,1
0.728277,0.259779,1
-0.161147,0.395118,1
-0.326677,0.568002,1
1.24161,0.567622,1
0.367161,0.593286,1
-0.708653,1.40427,1
1.06081,-0.0633246,1
-0.643729,0.878498,1
-0.225507,0.487882,1
0.228496,1.34574,1
0.226472,0.41246,1
0.46804,0.822518,1
-0.195289,1.2263,1
0.350075,0.80456,1
-0.552461,1.21406,1
0.850618,0.948397,1
0.906297,0.305438,1
-0.0136541,0.995367,1
0.127398,1.34376,1
0.267864,0.301668,1
1.09554,0.155466,1
0.935301,0.377713,1
0.627904,0.13274,1
0.820346,-0.322512,1
0.256433,0.545748,1
-0.124489,0.118968,1
0.980919,0.0692713,1
-0.232341,0.759233,1
0.168924,1.41427,1
-0.565254,0.821617,1
0.286404,0.774347,1
1.29907,0.0592861,1
0.830102,-0.393083,1
1.56934,0.0188356,1
0.756189,-0.199961,1
0.865318,-0.074161,1
0.553794,1.01801,1
1.11771,-0.768084,1
0.0152015,0.124014,1
1.08322,0.123188,1
1.30771,0.184817,1
0.664252,0.387311,1
1.44684,0.621301,1
-0.442744,0.995984,1
0.965581,-0.107546,1
0.0884351,1.26778,1
0.377968,0.678594,1
0.700695,1.12302,1
-0.643254,1.00399,1
3.27296,1.21735,2
3.64544,1.4313,2
2.82258,2.42009,2
3.1094,2.65417,2
3.08411,1.97235,2
4.37481,1.30366,2
3.43424,1.06183,2
3.53376,2.80989,2
3.36181,2.22464,2
3.79745,1.8502,2
2.83439,2.61393,2
3.68065,1.80676,2
2.73827,1.61915,2
2.88113,3.08339,2
4.3646,0.857556,2
3.55512,2.63783,2
3.61636,0.781056,2
3.67699,1.62299,2
3.19719,2.55793,2
3.26645,0.960485,2
2.44649,1.68683,2
3.6614,1.13257,2
3.16606,2.01472,2
3.72327,1.87829,2
3.54823,2.99859,2
2.66209,1.86559,2
3.63173,1.10925,2
2.63293,2.74452,2
3.03141,2.43527,2
3.24245,2.24542,2
4.16287,0.746411,2
3.6165,1.45966,2
3.0466,2.25247,2
4.124,1.3319,2
3.03969,2.31536,2
3.61135,1.85877,2
2.7915,1.84485,2
4.30288,1.64597,2
3.32742,0.9407,2
3.79825,1.38621,2
2.93022,1.38997,2
3.7087,1.31289,2
3.27018,1.49804,2
2.6771,1.45567,2
3.44558,0.708054,2
3.36497,1.07035,2
3.74221,0.771822,2
3.19004,1.49913,2
4.1782,1.61424,2
3.06143,2.93489,2
4.22999,0.778104,2
3.50071,1.8231,2
3.22642,1.45669,2
3.85435,0.832731,2
3.97798,0.811134,2
4.11636,2.69224,2
3.9033,1.373,2
3.04325,1.86831,2
3.72224,0.743709,2
2.73644,2.30884,2
3.02097,1.5291,2
3.35333,0.825156,2
4.09307,-0.0713205,2
3.78465,1.42929,2
3.10394,0.639086,2
3.94073,0.955379,2
3.11902,2.0933,2
3.17014,2.26613,2
3.56343,1.6873,2
3.04818,2.22302,2
3.20083,1.58412,2
2.74857,1.89051,2
2.86134,1.73513,2
3.06435,2.76813,2
3.11782,3.16781,2
2.85264,1.44898,2
3.40537,2.58952,2
2.88874,2.78795,2
2.68824,2.80093,2
3.39954,1.27137,2
3.16321,2.5677,2
2.88793,2.68151,2
3.32492,1.23721,2
4.18628,1.3045,2
3.38626,1.85205,2
3.65205,1.17874,2
4.09795,1.25859,2
4.2455,1.98179,2
2.69938,1.831,2
3.21219,2.26258,2
2.85175,2.28197,2
3.19914,1.80145,2
3.17044,1.90832,2
4.30748,2.20574,2
3.47953,1.39756,2
2.91129,0.749423,2
3.16911,2.1565,2
3.63572,1.10245,2
3.74513,1.0547,2
3.33672,2.29886,2
3.03504,1.39285,2
2.9681,1.2754,2
3.95323,1.20151,2
2.23479,2.77211,2
3.50964,1.53242,2
4.26233,1.42531,2
2.75661,1.72724,2
3.93626,1.93902,2
3.61946,1.79048,2
3.23799,1.60183,2
3.79006,1.0436,2
3.21149,1.65547,2
3.86932,0.11507,2
3.53891,1.7313,2
3.06522,2.00809,2
3.29791,1.44661,2
3.83628,1.89166,2
3.67451,2.08067,2
4.24253,0.356727,2
2.85348,1.52371,2
3.6023,1.5387,2
3.1639,2.63175,2
3.70879,1.02936,2
3.44246,0.630377,2
2.76203,1.58812,2
3.52413,2.04143,2
3.60661,2.34067,2
2.52032,2.50238,2
3.54805,2.59217,2
3.5752,0.676387,2
3.50809,2.68693,2
3.24069,2.18083,2
3.33723,1.71141,2
3.20987,0.67504,2
3.01154,0.185634,2
3.05009,1.33668,2
3.26313,2.08511,2
3.5322,1.61173,2
2.33267,2.00767,2
3.67689,0.396712,2
4.59948,1.04124,2
3.62421,-0.437445,2
2.3255,1.72054,2
2.99115,2.40438,2
2.71134,2.47507,2
3.26465,0.848381,2
2.9934,1.60504,2
3.58938,1.80403,2
3.84143,1.37038,2
4.04641,0.622988,2
4.23846,0.754366,2
4.20285,0.608943,2
4.00206,1.37943,2
3.79886,1.49219,2
3.81619,1.12865,2
2.96353,3.21181,2
3.29977,2.22683,2
2.06448,2.01339,2
2.77756,1.87602,2
4.00325,1.28769,2
3.90312,1.22611,2
3.19619,1.19596,2
2.9484,1.85412,2
4.01686,1.0104,2
3.37169,1.16344,2
3.23363,1.76541,2
3.63812,1.51098,2
3.19435,2.45154,2
3.6398,1.32217,2
3.15678,0.921883,2
2.93384,1.36535,2
3.26019,3.10405,2
2.64664,2.16116,2
3.72014,2.21953,2
3.40939,1.67993,2
3.34459,1.68451,2
3.67347,1.2535,2
3.80937,1.4296,2
2.96937,2.85752,2
3.30312,2.1583,2
4.0809,1.97286,2
3.11122,1.45408,2
2.99573,1.77068,2
3.36082,1.13964,2
3.23075,1.41913,2
3.16327,1.31754,2
4.05864,1.4712,2
2.69438,2.05083,2
3.83335,1.17951,2
3.80603,0.601703,2
3.32862,2.73296,2
3.07644,2.47708,2
3.16587,1.29923,2
2.69705,1.72273,2
3.84188,1.70056,2
3.12616,2.85495,2
2.75789,2.04653,2
4.21305,0.903731,2
2.86834,1.89195,2
3.28407,1.842,2
3.91245,1.19451,2
2.83855,2.28344,2
2.16472,1.94241,2
2.69202,1.88901,2
4.00672,1.34874,2
3.41633,1.92431,2
2.80833,1.93623,2
3.64968,2.94157,2
3.57845,2.1189,2
3.84535,2.33458,2
4.26008,1.22564,2
3.02493,1.80436,2
3.08835,1.98449,2
3.40995,1.50443,2
3.1142,1.88709,2
3.05761,1.20469,2
2.89866,1.72758,2
3.2391,1.89553,2
3.5165,2.05198,2
3.53391,2.33062,2
4.1258,0.837769,2
3.34662,1.39812,2
3.10299,2.86122,2
3.85925,0.879252,2
3.03971,1.62829,2
3.28365,0.916909,2
3.77649,2.08055,2
2.94674,2.45971,2
3.98762,0.976875,2
3.1798,1.26721,2
3.45563,1.17159,2
3.29897,1.71904,2
2.92079,2.51379,2
3.63785,1.35283,2
3.14028,2.15367,2
2.99458,0.489235,2
2.93575,2.11163,2
3.02661,2.31888,2
2.64937,2.72077,2
3.5189,1.30116,2
3.61406,1.46343,2
3.52076,1.45091,2
2.94869,1.14222,2
2.85421,2.48613,2
3.0535,1.74692,2
3.56635,2.51803,2
3.01732,1.85813,2
3.49,2.16953,2
2.93613,0.408867,2
4.34792,1.15588,2
3.77028,0.231856,2
3.25511,1.05212,2
3.88914,1.49994,2
2.78246,2.39432,2
3.8331,2.10483,2
3.30283,2.01334,2
3.51514,1.24549,2
2.32111,2.67027,2
3.69628,2.01969,2
3.53657,1.62333,2
3.43617,1.80235,2
3.25531,1.80815,2
3.14223,2.06205,2
3.32637,0.733253,2
4.68305,0.827016,2
3.15266,1.91381,2
3.90402,1.89692,2
3.00913,2.15866,2
3.30991,2.2106,2
3.26221,1.74552,2
3.71414,1.3735,2
3.18479,1.2399,2
3.48586,0.887745,2
4.31229,1.44538,2
4.26143,1.97304,2
4.06897,1.22753,2
2.86785,1.98219,2
3.20313,2.82418,2
3.41309,1.70696,2
4.0533,0.420113,2
3.05089,2.78616,2
3.54155,2.12508,2
3.77916,1.0541,2
2.46058,2.62947,2
3.60695,2.10827,2
3.81119,0.920786,2
2.95833,1.15797,2
3.64814,2.12182,2
3.185,1.52645,2
3.554,1.12716,2
3.38279,0.892365,2
3.7003,1.99101,2
3.64179,2.66903,2
3.76022,1.5639,2
2.48479,2.2127,2
3.43293,2.10684,2
3.36831,1.7237,2
2.75776,0.936357,2
2.49711,2.43957,2
2.90245,2.37998,2
-2.66701,-1.91784,3
-2.64801,-1.05874,3
-3.14555,-2.16643,3
-2.94524,-1.40444,3
-1.85286,-2.7217,3
-3.39475,-2.23383,3
-3.60829,-1.33359,3
-3.12863,-1.33095,3
-2.66704,-1.47776,3
-2.34784,-1.67314,3
-2.67772,-1.16518,3
-2.43447,-2.06676,3
-2.2423,-1.8092,3
-2.08204,-2.91524,3
-1.96399,-2.73914,3
-3.2343,-1.70994,3
-2.6144,-1.84983,3
-3.36659,-1.07209,3
-2.95706,-2.4443,3
-2.79416,-2.51126,3
-2.86238,-0.954532,3
-2.53103,-0.528804,3
-2.03511,-2.1346,3
-2.05642,-1.94983,3
-3.14745,-1.61148,3
-2.94102,-1.3892,3
-2.69327,-2.40299,3
-2.94019,-1.13626,3
-2.52848,-2.67898,3
-2.97725,-0.803426,3
-1.32209,-3.07314,3
-3.16051,-0.66322,3
-2.41458,-2.06998,3
-2.31919,-1.70079,3
-2.05812,-2.68898,3
-2.5236,-2.54874,3
-2.58442,-2.46075,3
-2.10809,-2.86922,3
-2.16383,-1.7533,3
-3.58879,-1.00153,3
-2.11386,-1.56595,3
-2.78391,-1.66996,3
-2.45741,-1.52141,3
-1.8972,-3.00564,3
-3.14278,-0.882272,3
-3.09461,-1.51223,3
-2.31534,-1.63313,3
-3.07961,-1.28592,3
-2.56101,-1.71192,3
-1.34164,-2.37163,3
-2.00144,-1.57143,3
-2.32468,-2.57694,3
-2.37366,-2.16824,3
-3.17974,-0.637994,3
-2.24763,-2.42544,3
-2.88064,-1.10975,3
-2.42614,-2.21742,3
-2.81338,-1.73041,3
-3.37313,-1.20441,3
-2.65401,-2.60852,3
-1.52027,-2.47754,3
-2.93346,-1.82425,3
-2.50424,-1.91645,3
-2.56074,-2.24361,3
-2.92039,-0.919144,3
-2.76274,-1.31098,3
-2.18559,-2.32657,3
-2.94428,-1.91475,3
-2.46716,-0.795485,3
-2.18575,-2.56019,3
-3.78654,-2.11497,3
-3.15804,-2.18594,3
-2.0294,-1.1239,3
-2.38406,-2.49853,3
-1.14975,-1.66832,3
-1.89447,-2.82738,3
-2.46776,-2.83264,3
-2.23686,-2.79099,3
-2.44678,-1.88584,3
-2.43575,-2.965,3
-2.23467,-2.70638,3
-3.03132,-1.60687,3
-2.12772,-2.94861,3
-2.04881,-1.57567,3
-2.87606,-1.38668,3
-3.69937,-0.839021,3
-2.62808,-2.20305,3
-3.58618,-1.39876,3
-2.88185,-0.836093,3
-2.5549,-1.92338,3
-3.1893,-2.10477,3
-2.82259,-1.83903,3
-2.95313,-0.917265,3
-2.62909,-2.82199,3
-3.93803,-0.67748,3
-2.68798,-2.53436,3
-2.57361,-1.13323,3
-3.02473,-2.0418,3
-3.56659,-1.70506,3
-2.98961,-1.13826,3
-3.73872,-1.57127,3
-2.80932,-1.99039,3
-1.85118,-2.58402,3
-2.9878,-1.1681,3
-2.44874,-2.35804,3
-2.19858,-2.4472,3
-2.08838,-2.37989,3
-3.15724,-2.09348,3
-1.80818,-2.62441,3
-2.41065,-1.74631,3
-2.45141,-2.05475,3
-1.44186,-2.86007,3
-3.1864,-1.16375,3
-2.46602,-1.6036,3
-2.36448,-2.74967,3
-2.13912,-2.19581,3
-3.15517,-1.09479,3
-2.30498,-2.89561,3
-2.78911,-1.68535,3
-3.20166,-1.98894,3
-2.47863,-2.60285,3
-2.87147,-2.88794,3
-1.9294,-2.65529,3
-2.32542,-1.23699,3
-3.14609,-1.17745,3
-3.38506,-1.91001,3
-2.7373,-1.68611,3
-3.34408,-1.95479,3
-2.56671,-2.5382,3
-3.1996,-1.77359,3
-3.59893,-1.49096,3
-2.92337,-1.83064,3
-2.3479,-2.17604,3
-2.17521,-2.09393,3
-2.69479,-1.04641,3
-2.81815,-1.55915,3
-2.61135,-2.46059,3
-3.1188,-1.14948,3
-3.09594,-2.12494,3
-2.43555,-1.53639,3
-2.77744,-1.36699,3
-3.41652,-1.69158,3
-2.92772,-1.90982,3
-1.7919,-2.82561,3
-3.26937,-0.735173,3
-3.35766,-1.02446,3
-2.84712,-1.38647,3
-1.94855,-2.49503,3
-1.68384,-2.06098,3
-2.75244,-1.04018,3
-2.45971,-1.89256,3
-2.82513,-1.48098,3
-2.19024,-2.587,3
-2.39208,-2.73992,3
-4.17586,-0.248006,3
-3.24794,-1.41281,3
-2.24391,-1.83916,3
-2.61649,-1.93698,3
-2.78202,-1.45135,3
-2.92722,-1.32786,3
-2.11169,-2.5771,3
-3.06182,-3.04343,3
-3.40725,-0.678579,3
-3.1456,-1.46184,3
-2.20727,-1.84926,3
-3.56906,-1.54665,3
-1.78515,-2.40925,3
-1.91557,-2.87112,3
-2.02078,-1.76073,3
-2.30068,-1.10448,3
-2.98233,-1.36079,3
-3.10756,-0.87248,3
-2.19575,-1.95959,3
-2.50222,-1.40678,3
-2.1352,-1.64106,3
-2.26022,-2.06048,3
-2.12582,-1.3541,3
-3.07292,-1.0186,3
-2.84341,-2.38316,3
-2.32817,-3.07449,3
-2.2056,-2.09215,3
-3.09894,-2.53057,3
-3.84292,-1.13377,3
-2.52018,-2.19633,3
-2.91358,-1.95583,3
-3.3293,-1.34896,3
-2.17646,-2.15645,3
-2.96327,-1.61728,3
-2.35158,-2.99456,3
-2.70386,-1.74542,3
-2.97479,-2.23169,3
-2.06927,-2.92914,3
-3.34057,-1.6537,3
-2.77144,-1.04013,3
-1.98835,-2.32203,3
-2.9669,-3.12461,3
-2.30717,-1.69284,3
-2.9873,-0.514698,3
-2.41888,-1.92908,3
-2.75295,-1.92746,3
-2.71193,-2.73416,3
-2.93775,-0.931554,3
-2.13168,-2.3696,3
-2.62995,-1.2915,3
-2.80808,-1.31049,3
-2.21604,-1.97072,3
-1.98005,-2.44292,3
-2.70887,-1.61342,3
-1.92366,-2.94399,3
-3.05203,-1.98615,3
-2.80469,-2.55695,3
-3.0573,-1.17325,3
-2.33901,-1.82722,3
-3.55148,-1.77285,3
-3.27827,-1.05792,3
-2.43952,-2.24183,3
-2.45663,-2.82853,3
-2.37851,-1.33318,3
-2.33861,-1.9001,3
-3.09032,-1.98422,3
-2.91056,-1.27353,3
-2.42636,-2.2837,3
-2.56644,-1.97899,3
-1.96952,-2.4012,3
-3.08622,-0.748845,3
-1.78613,-2.34119,3
-2.97159,-1.30005,3
-2.60724,-1.88884,3
-2.46621,-2.25206,3
-1.55298,-1.8822,3
-2.80224,-1.80595,3
-1.55049,-2.0842,3
-2.51288,-2.7248,3
-2.56978,-2.54971,3
-3.0236,-1.13534,3
-2.37846,-1.67812,3
-1.6519,-2.64544,3
-2.1608,-2.57243,3
-2.8499,-1.1718,3
-2.34196,-2.23855,3
-2.07795,-1.60666,3
-3.39389,-0.936235,3
-2.94928,-1.71572,3
-2.10874,-2.88334,3
-2.77631,-1.3472,3
-2.50887,-2.09707,3
-2.59367,-1.32949,3
-2.56926,-1.66347,3
-2.70867,-2.55484,3
-2.60149,-2.72407,3
-2.19363,-2.5051,3
-2.8232,-1.87609,3
-2.10914,-2.29191,3
-2.50281,-2.17554,3
-3.08616,-0.313121,3
-1.53131,-2.07307,3
-1.58261,-1.35904,3
-3.08995,-1.48679,3
-2.64731,-1.56079,3
-2.44581,-1.54104,3
-2.55094,-2.04101,3
-1.51308,-1.90134,3
-2.72047,-1.55698,3
-2.9523,-2.38504,3
-3.39138,-1.37975,3
-1.9731,-2.25448,3
-2.82666,-2.19383,3
-2.67277,-0.605789,3
-2.91351,-1.78631,3
-2.78108,-1.93253,3
-2.40121,-2.50684,3
-2.84103,-2.01192,3
-2.32746,-1.89338,3
-1.83518,-1.94356,3
-2.89925,-1.6051,3
-2.85592,-1.73694,3
-2.68454,-1.24342,3
-2.45806,-0.863515,3
-3.42969,-1.30396,3
-3.07845,-1.94529,3
-2.27817,-2.44578,3
-3.38595,-1.44913,3
-2.09327,-2.41922,3
-2.78475,-1.92171,3
-2.13742,-2.48185,3
-2.16768,-1.67851,3
-3.29575,-2.01421,3
-2.07893,-2.48083,3
-2.27651,-1.52919,3
-3.27078,-1.56835,3
-2.53891,-1.99032,3
-2.34016,-2.53233,3
-2.74958,-1.42583,3
-2.33086,-2.44701,3
-2.00528,-1.15197,3
-3.15286,-1.59211,3
-2.68673,-1.56432,3
-3.56422,-2.24943,3
-2.72687,-1.79781,3
-2.10307,-1.95952,3
-2.5941,1.07975,4
-3.439,0.958409,4
-2.3354,0.696492,4
-2.93607,-0.0343724,4
-3.2989,1.90565,4
-3.18589,1.60949,4
-2.02546,-0.48602,4
-2.65834,-0.195296,4
-2.58263,1.32519,4
-2.67452,-0.45434,4
-2.94487,0.688866,4
-3.30223,1.50575,4
-3.09206,0.906548,4
-3.02106,0.229958,4
-2.48818,1.35217,4
-2.74621,0.978798,4
-2.38518,2.11933,4
-3.07725,0.786916,4
-2.69719,0.567488,4
-3.4185,1.0968,4
-2.68732,1.32774,4
-2.97233,1.93486,4
-2.70691,1.3922,4
-2.53582,0.406941,4
-2.79045,1.41433,4
-3.67258,0.237728,4
-3.10724,0.483703,4
-2.14309,1.41933,4
-2.84929,1.00522,4
-2.01029,1.78444,4
-2.69265,0.903236,4
-2.23295,1.26983,4
-1.74417,1.81281,4
-2.8006,1.91626,4
-2.70084,0.450793,4
-2.78898,0.915827,4
-3.04515,1.80275,4
-2.27594,2.55584,4
-2.71512,-0.0073048,4
-2.89796,1.34003,4
-3.47844,0.950523,4
-2.07132,1.60413,4
-2.60565,0.898368,4
-2.84694,0.815318,4
-2.3325,1.63812,4
-2.90671,0.222303,4
-2.92794,0.167143,4
-3.36747,0.942448,4
-2.72488,0.374974,4
-2.76295,0.828545,4
-2.4137,0.57738,4
-2.7747,1.03194,4
-2.77475,0.0941375,4
-3.16973,0.535835,4
-3.10796,0.579783,4
-3.16903,0.667541,4
-2.23879,1.38093,4
-2.71643,0.489671,4
-2.57901,2.26146,4
-2.29301,0.886719,4
-3.17408,0.697474,4
-2.9905,0.554762,4
-2.75258,1.15077,4
-2.86317,0.842094,4
-3.18884,-0.41482,4
-2.78,1.45731,4
-2.79517,0.140798,4
-2.8809,0.544129,4
-2.60821,1.31538,4
-3.11919,1.22845,4
-1.83652,-0.321272,4
-2.36213,0.791268,4
-3.31431,0.559832,4
-3.42317,0.758612,4
-1.57043,1.70284,4
-2.569,2.2808,4
-2.13268,1.15399,4
-1.64101,1.25844,4
-2.18577,1.3248,4
-3.07102,0.253348,4
-2.50979,1.3527,4
-2.99047,-0.149145,4
-2.21534,0.816938,4
-3.09161,-0.0885155,4
-2.3338,0.895147,4
-3.08217,0.737212,4
-2.37876,0.874664,4
-2.34153,0.0554202,4
-3.37313,-0.0129132,4
-2.8334,1.18891,4
-3.19946,0.673708,4
-2.66752,0.327221,4
-2.11116,1.90422,4
-2.72772,1.35883,4
-4.04285,0.540988,4
-2.76322,1.66345,4
-2.17261,1.55085,4
-2.36371,1.7741,4
-3.13176,1.07558,4
-2.54694,1.78907,4
-2.51247,0.519034,4
-2.43412,1.0019,4
-2.90025,0.711789,4
-3.01103,1.13534,4
-3.07399,1.29657,4
-2.28325,0.711331,4
-2.38632,1.12244,4
-2.9263,1.39073,4
-3.09925,0.598276,4
-2.3055,1.565,4
-3.35991,0.948772,4
-2.48411,1.49505,4
-2.38221,0.524318,4
-2.71522,0.483211,4
-2.72099,1.02458,4
-2.64964,1.30249,4
-2.61056,0.824029,4
-2.64906,-0.116847,4
-2.25205,-0.200193,4
-1.76797,1.91934,4
-2.41368,1.81298,4
-2.67353,0.573174,4
-2.5218,1.3597,4
-3.1276,2.02379,4
-1.79265,1.23304,4
-2.9312,0.738711,4
-2.75188,0.606386,4
-2.71425,0.350927,4
-3.31123,0.886279,4
-2.76988,0.514121,4
-3.12912,-0.123957,4
-1.78978,-0.229014,4
-2.58573,0.373476,4
-2.58319,1.72598,4
-2.19742,2.09807,4
-2.84264,1.6863,4
-2.61137,0.698184,4
-2.52912,0.251822,4
-2.4796,0.413369,4
-2.25003,1.27487,4
-2.48033,-0.0308578,4
-2.87619,0.596718,4
-2.73443,1.15779,4
-3.78038,1.18453,4
-2.70816,0.341257,4
-2.15675,1.7546,4
-2.91017,0.582104,4
-2.94494,0.797333,4
-2.47968,0.355229,4
-2.26216,1.12571,4
-2.52516,1.67725,4
-2.20176,1.13298,4
-2.60274,1.99714,4
-2.9039,2.11668,4
-2.93643,0.457125,4
-1.91934,1.63298,4
-2.80623,0.654267,4
-2.48136,1.61218,4
-2.59263,1.45198,4
-2.5978,2.18437,4
-2.9058,1.63002,4
-2.76817,0.603321,4
-2.32384,1.45619,4
-3.52288,-0.144717,4
-2.50553,1.60166,4
-2.93144,2.09265,4
-3.27311,1.29074,4
-3.08362,1.5046,4
-3.01384,1.6005,4
-2.97718,-0.510479,4
-2.5643,2.19385,4
-1.81483,1.9055,4
-2.49228,1.7838,4
-2.97341,-0.0885103,4
-2.57137,0.836052,4
-2.24231,1.85489,4
-3.18646,2.36154,4
-2.55737,1.07844,4
-1.98553,1.44071,4
-2.51022,1.43753,4
-2.64445,0.505162,4
-2.47277,1.17798,4
-3.51877,0.120883,4
-3.28331,1.59146,4
-2.20616,-0.513826,4
-2.0699,1.47315,4
-2.74427,1.30593,4
-2.8611,0.112555,4
-2.36618,2.13305,4
-2.91125,1.38893,4
-3.37034,1.08984,4
-2.89174,0.199457,4
-2.88779,0.744969,4
-2.65116,1.15663,4
-2.9675,-0.470626,4
-2.6711,0.392073,4
-2.65393,1.98851,4
-2.16932,0.513223,4
-2.80083,1.7149,4
-3.15795,0.268626,4
-1.68047,1.50081,4
-2.33066,0.0228831,4
-3.17253,0.67013,4
-2.20064,1.42697,4
-2.9424,0.330422,4
-2.9308,0.280006,4
-2.5902,1.67171,4
-2.6526,0.880974,4
-2.37892,2.07922,4
-2.24223,-0.414962,4
-2.98892,0.132345,4
-2.17357,-0.11731,4
-2.52022,1.31117,4
-2.69406,0.232366,4
-2.47581,0.633361,4
-2.59114,-0.325778,4
-2.47586,0.921118,4
-2.37263,2.01703,4
-3.28922,-0.199246,4
-2.38938,0.984444,4
-2.34596,1.1096,4
-2.07467,1.50875,4
-2.62864,0.20267,4
-3.18047,1.13685,4
-2.61464,0.908979,4
-1.62332,1.65809,4
-2.33753,0.72407,4
-2.57889,1.75221,4
-2.45245,1.27274,4
-3.31126,0.437408,4
-2.21937,0.630061,4
-3.06547,0.680313,4
-2.7218,1.94546,4
-3.22159,1.52995,4
-2.73029,2.10815,4
-3.36948,-0.298627,4
-2.09118,0.764352,4
-2.15178,0.818832,4
-2.07031,1.88078,4
-2.99467,0.36078,4
-3.2859,-0.138268,4
-3.12499,0.236615,4
-2.80141,0.966425,4
-2.37495,0.991277,4
-2.50509,0.865469,4
-2.43271,1.02209,4
-2.86441,0.279823,4
-3.13583,1.15079,4
-2.78878,0.964119,4
-2.31919,0.853486,4
-2.28877,0.656479,4
-1.91387,0.617033,4
-2.80362,2.91829,4
-3.38916,1.03173,4
-2.47949,-0.0448649,4
-2.46379,0.413565,4
-2.39157,1.72733,4
-3.20096,-0.391386,4
-2.89418,1.44912,4
-2.8305,1.5349,4
-2.18262,0.912535,4
-2.91799,0.930594,4
-2.98815,0.727688,4
-2.63182,0.745768,4
-2.89741,1.39142,4
-2.89446,-0.0465067,4
-2.98744,1.08465,4
-3.08837,0.930414,4
-2.23607,1.9951,4
-2.85937,-0.741295,4
-2.05459,1.82742,4
-2.52614,0.39839,4
-2.41167,1.48669,4
-2.42322,0.941453,4
-3.16707,1.52863,4
-2.64491,2.13172,4
-2.88755,1.40126,4
-2.4425,0.613937,4
-2.53824,1.08206,4
-2.3944,-0.359518,4
-2.56043,1.17287,4
-2.56325,1.66679,4
-3.26807,0.606341,4
-2.48635,1.48339,4
-2.39256,1.07184,4
-2.35224,1.25119,4
-2.03142,1.31887,4
-2.57358,1.46013,4
-2.71412,0.875696,4
-2.31962,1.48689,4
-3.08092,0.146711,4
-2.86578,0.0406541,4
-2.42302,0.978704,4
-2.8076,0.524401,4
-3.64691,1.25542,4
-2.79291,1.7013,4
-2.43304,0.501684,4
-2.75759,0.174477,4
-3.00422,1.15443,4
-2.49591,2.48315,4
1.09257,5.05485,5
1.36602,5.64393,5
0.611735,5.58096,5
0.506676,5.76036,5
0.121243,5.30205,5
1.04465,5.55274,5
1.83217,4.92214,5
0.440757,5.39234,5
0.676386,4.89811,5
-0.438561,5.45283,5
-0.0617943,5.36321,5
0.747425,5.85241,5
-0.428027,5.87999,5
0.772851,5.40069,5
0.838268,5.08259,5
-0.336965,6.05585,5
-0.375768,5.17914,5
0.369251,6.22651,5
0.314947,5.68174,5
0.201921,5.74779,5
0.972004,5.09217,5
-0.0979544,5.91065,5
-0.276402,6.16778,5
0.572469,5.75925,5
0.920383,5.4129,5
0.444112,6.27866,5
0.445459,5.53695,5
0.0218254,4.92037,5
0.0256157,5.2015,5
0.884769,5.08167,5
0.704299,5.50433,5
-0.0981731,5.8885,5
1.56611,5.42634,5
-0.700206,5.1216,5
0.782916,5.04004,5
-0.310771,5.91572,5
0.574604,5.62408,5
1.29543,5.63617,5
1.29701,5.10905,5
1.44957,5.63659,5
1.16113,5.46887,5
0.0675904,5.74,5
0.0225653,5.21779,5
-0.198534,5.37302,5
1.47556,5.12015,5
-0.099971,4.74842,5
0.770157,5.91193,5
-0.308106,5.02477,5
0.2583,5.31119,5
0.544978,5.42216,5
1.62244,5.99338,5
-0.0982934,5.61787,5
0.237234,5.73966,5
-0.392712,5.29448,5
-0.237658,5.10388,5
-0.0750994,5.07705,5
-0.0737919,5.27526,5
0.408906,5.42594,5
0.787598,5.15256,5
0.258969,5.90871,5
0.0306062,5.45031,5
1.35202,5.59118,5
1.49189,5.80918,5
1.1761,5.21403,5
0.470193,5.7315,5
0.651865,5.53507,5
0.851483,5.23391,5
0.86155,5.29802,5
0.520537,5.13049,5
0.613932,5.12323,5
1.12449,5.12601,5
0.167751,5.44854,5
0.96356,5.47681,5
-0.531728,5.5611,5
-0.605826,4.74498,5
-0.585843,4.36239,5
1.04422,5.85992,5
1.26652,5.1925,5
1.55008,5.20353,5
1.21647,5.58148,5
0.867518,5.60281,5
0.606537,5.0884,5
0.223668,5.77327,5
1.73109,4.70472,5
1.77496,5.32149,5
1.07502,5.5141,5
1.06886,5.87714,5
-0.462187,5.40629,5
0.701437,5.52583,5
1.48782,5.11336,5
-0.0951864,6.33505,5
0.950933,5.73728,5
1.2102,5.65254,5
0.639345,4.84827,5
1.23365,5.95298,5
0.660074,5.13352,5
0.810679,5.65328,5
1.29981,5.46855,5
0.960501,4.92843,5
0.688172,5.42106,5
0.92866,5.89327,5
0.354223,5.70974,5
1.5126,5.35255,5
-0.110223,5.22266,5
0.0209692,5.08614,5
1.5026,5.65171,5
2.07787,5.19602,5
-0.111395,5.6317,5
0.540392,5.46205,5
1.53013,5.00328,5
-0.280399,6.05487,5
1.34207,5.54228,5
1.40118,5.75238,5
1.46974,5.79296,5
-0.154031,5.47166,5
1.67349,5.0558,5
1.159,5.45802,5
-0.440927,5.27601,5
-0.711682,5.66347,5
-0.191305,5.69206,5
0.0120879,5.96815,5
0.970357,4.38757,5
0.942875,4.53812,5
-0.214263,5.20428,5
0.937592,5.13858,5
0.804098,4.95457,5
1.5861,5.50569,5
1.0299,5.56496,5
1.24533,5.90879,5
-0.328954,5.21747,5
0.793411,5.22244,5
0.773107,4.94176,5
1.12661,6.00853,5
-0.0846464,5.34203,5
0.708335,5.82007,5
0.0668896,5.41465,5
0.884406,5.34783,5
1.26746,5.81371,5
0.192427,5.84669,5
0.350111,5.63514,5
0.919073,5.19022,5
-0.0608603,5.84438,5
-0.850604,5.18623,5
0.695319,5.2055,5
0.742917,5.77067,5
-1.03576,6.30303,5
0.570993,5.46888,5
0.760318,5.30309,5
1.11381,4.67524,5
1.35589,5.46234,5
0.859198,5.99782,5
0.335863,6.13896,5
-0.496225,5.61816,5
0.437487,5.39638,5
1.14296,5.35993,5
1.5205,5.17851,5
1.23694,5.29858,5
0.0718016,5.15289,5
-0.0663912,6.45905,5
0.944351,5.50242,5
0.751767,5.31492,5
0.868223,5.35959,5
0.809243,5.32004,5
-0.511195,5.77363,5
1.03024,4.95179,5
1.13138,5.46631,5
-0.276744,5.66527,5
-0.384871,5.38267,5
1.23824,5.46589,5
0.436059,5.12817,5
0.82336,5.46652,5
0.131531,6.11074,5
0.254332,5.1586,5
-0.533762,5.85212,5
0.0961334,5.67195,5
1.7952,5.81173,5
-0.276726,5.40958,5
0.674441,5.57047,5
-0.650947,5.26268,5
0.394498,6.08395,5
0.762964,5.49701,5
-0.306595,5.4437,5
0.835476,5.22956,5
1.2418,4.84055,5
0.619884,5.2091,5
1.24313,4.85152,5
-0.0624651,6.13955,5
0.619178,5.59903,5
0.397106,5.92791,5
1.18007,5.64685,5
0.275058,5.60439,5
1.08793,4.76538,5
-0.0233003,5.30336,5
0.478118,5.99717,5
-0.0369075,6.24442,5
0.507311,5.63946,5
0.0232466,5.48458,5
1.36179,4.87312,5
0.529631,5.82761,5
0.333559,5.27348,5
1.10325,5.19997,5
0.43244,5.23152,5
0.550913,5.01738,5
0.555622,5.48983,5
1.66558,5.97087,5
0.22016,4.92772,5
1.40028,5.08045,5
0.717395,5.5724,5
1.63541,5.29262,5
-0.322278,5.57705,5
0.239062,4.83627,5
1.12095,5.58189,5
1.4445,5.65647,5
0.396504,5.38419,5
-0.159981,5.01379,5
-0.39408,5.4095,5
1.20023,4.91134,5
-0.00588033,5.30551,5
1.31418,5.51937,5
0.6421,4.6528,5
0.293893,6.18365,5
1.23253,5.9559,5
0.971039,5.86192,5
1.1485,5.43356,5
-0.784389,5.38321,5
1.13258,6.0274,5
0.345045,5.14277,5
1.04967,6.01343,5
1.28106,4.89616,5
0.23579,5.68156,5
1.7163,4.72862,5
0.484874,5.38077,5
0.422833,5.19167,5
-0.449826,5.61012,5
0.405834,5.42738,5
-0.264565,5.8712,5
0.605075,4.74399,5
1.37226,5.5844,5
0.0844679,4.7586,5
0.902736,5.4534,5
0.929469,4.95026,5
-0.0606214,4.89162,5
0.363843,5.75185,5
0.484495,5.18617,5
0.546616,5.38328,5
-0.555352,5.88784,5
0.631404,5.4483,5
0.784684,5.27763,5
1.00906,5.09139,5
-0.343752,5.30864,5
1.14193,5.74357,5
0.699566,5.74293,5
1.08613,5.5022,5
0.108075,5.63912,5
-0.483169,5.34754,5
0.411243,4.89107,5
1.50076,4.93013,5
0.563077,5.37815,5
0.460226,5.73101,5
0.22822,5.43074,5
-0.118272,5.44693,5
1.17517,5.16074,5
0.85222,5.43584,5
0.720233,5.63797,5
-0.379287,5.81725,5
0.585619,5.37306,5
0.434916,5.70114,5
1.69213,5.69582,5
-0.713257,5.91844,5
-0.610407,5.72489,5
0.996021,5.76987,5
1.53421,5.72671,5
1.19702,5.46537,5
-0.335838,5.44511,5
0.0275105,5.43975,5
-0.0393365,5.21396,5
0.51781,6.04855,5
0.230713,6.04368,5
1.69765,5.63644,5
-0.745765,5.93868,5
1.17885,5.94955,5
0.917263,5.79172,5
0.411067,5.31414,5
0.589815,5.94296,5
1.73522,5.15138,5
0.317992,5.92741,5
0.0187387,5.4331,5
0.240414,5.48051,5
0.675718,4.90037,5
-0.436286,5.01927,5
2.12863,5.20152,5
0.590291,5.15791,5
1.07755,5.71066,5
0.915896,5.74009,5
1.21705,5.522,5
0.355139,5.73982,5
1.21605,6.0685,5
2.11515,5.5476,5
-0.0862945,5.73754,5
0.175184,6.15972,5
-1.92582,-2.93513,6
-3.04253,-0.575102,6
-1.66771,-2.17607,6
-2.41718,-0.756233,6
-2.2702,-1.42225,6
-2.55167,-0.668898,6
-1.89321,-1.76165,6
-2.20687,-1.54481,6
-2.82987,-1.34953,6
-1.87014,-1.72695,6
-3.06387,-1.52131,6
-1.01467,-2.76512,6
-1.40016,-0.643883,6
-0.50932,-2.53528,6
-1.90464,-2.48399,6
-2.36707,-1.08779,6
-1.89526,-1.57044,6
-2.35806,-1.66484,6
-2.85131,-0.699571,6
-2.23465,-2.65831,6
-2.61083,-1.43035,6
-2.84628,-0.429329,6
-1.68968,-1.31156,6
-1.56045,-0.937416,6
-2.48135,-1.41715,6
-1.51613,-2.15768,6
-2.51578,-1.98292,6
-2.29726,-1.57911,6
-1.72343,-1.08969,6
-2.20134,-1.99962,6
-2.21295,-1.64677,6
-1.99149,-1.14522,6
-1.98407,-1.36064,6
-1.71622,-1.79516,6
-2.36405,-2.29007,6
-2.25572,-1.27241,6
-2.25358,-2.37208,6
-1.87812,-1.30385,6
-2.11504,-1.03863,6
-2.39784,-1.58435,6
-2.96676,-1.05706,6
-1.61966,-1.72381,6
-1.78416,-1.37271,6
-1.30579,-1.78974,6
-2.18195,-2.02944,6
-2.37881,-0.429926,6
-2.42275,-0.855236,6
-3.26753,-1.48033,6
-1.76519,-1.53418,6
-1.30464,-1.43709,6
-2.611,-0.67205,6
-1.38628,-1.60571,6
-1.96089,-1.55839,6
-2.18667,-0.315723,6
-1.45365,-2.34151,6
-2.78254,-1.0124,6
-2.48323,-0.918709,6
-1.3326,-2.89024,6
-1.58429,-1.94977,6
-2.35657,-1.11986,6
-1.00811,-2.07825,6
-1.0112,-2.23026,6
-1.89549,-1.20423,6
-1.4429,-1.91974,6
-1.0041,-2.29909,6
-1.43578,-2.55787,6
-2.66342,-1.01084,6
-2.27671,-1.89041,6
-2.35243,-1.59801,6
-1.85824,-0.554712,6
-1.679,-1.53527,6
-2.0705,-1.166,6
-2.76427,-0.727112,6
-1.20083,-1.28477,6
-1.70953,-1.82381,6
-1.56023,-1.89758,6
-1.4765,-1.61869,6
-2.87781,-1.07827,6
-1.76684,-1.81842,6
-1.08195,-1.38939,6
-2.5286,-1.38995,6
-2.63992,-2.73946,6
-1.22788,-2.20296,6
-2.64207,-1.2425,6
-2.02707,-2.98458,6
-2.29135,-1.01421,6
-2.49145,-0.70551,6
-1.3558,-1.46476,6
-2.08456,-1.13108,6
-1.58182,-1.86958,6
-2.40796,-1.816,6
-1.78295,-2.22034,6
-1.97393,-1.6171,6
-1.37891,-1.4677,6
-1.49236,-1.62527,6
-1.6485,-2.4027,6
-1.525,-2.23141,6
-2.40313,-0.798813,6
-2.51205,-1.32658,6
-1.71639,-1.82895,6
-2.08972,-1.73276,6
-3.04332,-1.94328,6
-1.9255,-2.16223,6
-2.15834,-1.86384,6
-2.45534,-1.41972,6
-1.53177,-1.73476,6
-2.11861,-2.06252,6
-1.51599,-1.7893,6
-1.15998,-1.82925,6
-2.3449,-1.55704,6
-0.767927,-2.46334,6
-2.01819,-2.12048,6
-3.33835,-1.18344,6
-1.87986,-1.1736,6
-2.04588,-1.23092,6
-2.74072,-0.920995,6
-2.04268,-1.69176,6
-2.18463,-2.11222,6
-1.90894,-1.61803,6
-2.03369,-0.66429,6
-1.48189,-2.41412,6
-1.51775,-2.46352,6
-2.27347,-1.68897,6
-2.86626,-1.83449,6
-1.41857,-1.88736,6
-1.38697,-1.92803,6
-2.28684,-1.03148,6
-2.15572,-1.20646,6
-1.0718,-2.46976,6
-1.99028,-2.2289,6
-2.37661,-2.35203,6
-1.48489,-1.58931,6
-1.91607,-1.23896,6
-1.93974,-2.0665,6
-1.60731,-2.16833,6
-2.26083,-1.64051,6
-1.76429,-1.33811,6
-0.755335,-2.73224,6
-1.82664,-2.4387,6
-2.41677,-1.63215,6
-2.9565,-1.00179,6
-2.6429,-1.77305,6
-2.34861,-1.36962,6
-1.96443,-1.64581,6
-0.979539,-2.48125,6
-2.19809,-2.61396,6
-1.80853,-2.44006,6
-2.53346,-1.7866,6
-2.62789,-0.866519,6
-1.62867,-1.9125,6
-3.533,-0.408785,6
-1.90374,-1.33897,6
-1.78772,-0.964195,6
-1.98223,-1.71388,6
-2.0963,-2.3358,6
-1.52587,-2.41529,6
-2.04233,-0.71636,6
-2.37805,-1.70623,6
-1.62652,-1.56579,6
-2.22336,-1.63159,6
-1.23278,-2.59814,6
-2.19372,-0.855299,6
-2.39227,-0.691681,6
-1.31286,-2.02428,6
-1.58797,-1.79561,6
-1.70266,-1.74746,6
-1.79072,-1.45786,6
-2.13038,-0.644603,6
-2.05718,-1.1391,6
-2.86118,-1.16046,6
-2.59567,-0.939632,6
-2.30257,-1.42654,6
-2.60573,-1.90857,6
-1.65132,-0.875464,6
-1.82794,-1.94721,6
-2.3423,-1.41632,6
-2.06401,-2.04337,6
-2.73146,-0.954541,6
-1.9878,-1.43912,6
-2.52732,-2.14837,6
-2.0138,-1.13788,6
-2.63575,-1.43619,6
-2.04068,-1.59991,6
-1.89627,-1.95736,6
-1.13778,-2.04361,6
-1.58144,-3.00793,6
-2.2062,-1.5637,6
-1.87325,-2.87058,6
-0.985912,-1.97036,6
-2.26801,-1.8249,6
-2.58487,-2.26552,6
-0.771638,-2.7418,6
-2.92696,-1.45537,6
-3.09485,-0.865947,6
-1.48393,-2.33953,6
-1.80746,-2.63998,6
-2.59731,-1.40266,6
-1.78543,-2.48629,6
-1.7429,-1.47883,6
-1.24942,-2.27401,6
-1.61216,-3.04136,6
-1.1653,-1.9802,6
-2.07351,-1.1323,6
-2.40684,-1.72002,6
-1.2247,-2.5943,6
-1.58767,-1.41836,6
-2.40544,-0.882791,6
-2.07695,-1.77528,6
-1.38799,-2.79264,6
-1.13091,-2.70695,6
-2.68916,-2.08429,6
-2.29729,-1.14037,6
-2.29095,-0.424398,6
-1.98714,-2.20302,6
-1.39714,-2.41304,6
-2.07044,-2.07424,6
-0.999572,-1.61347,6
-1.72239,-1.54717,6
-1.64951,-1.00498,6
-1.31522,-1.80523,6
-1.28877,-1.50745,6
-2.58407,-0.297041,6
-2.87,-1.90343,6
-2.78136,-1.29062,6
-0.423241,-1.74582,6
-1.85857,-2.31912,6
-1.8245,-1.71349,6
-1.74746,-1.48212,6
-1.8806,-1.31337,6
-2.25772,-1.9742,6
-1.63486,-1.56511,6
-2.0286,-1.94851,6
-2.64907,-1.39785,6
-2.5459,-0.697648,6
-1.53695,-2.23158,6
-1.82194,-1.63243,6
-1.42401,-2.33313,6
-1.96933,-2.37595,6
-1.61037,-2.1847,6
-1.71047,-2.00105,6
-2.9134,-0.855283,6
-2.16961,-1.13712,6
-1.24852,-2.25426,6
-3.03711,-1.69001,6
-1.37978,-2.22833,6
-3.14713,-1.29034,6
-2.51919,-1.36951,6
-2.41966,-1.23201,6
-2.31204,-1.36027,6
-2.30933,-1.34886,6
-1.1854,-2.64955,6
-2.78983,-2.17058,6
-1.73685,-1.17352,6
-2.28755,-1.92556,6
-1.86586,-1.51592,6
-1.31589,-1.4152,6
-1.16254,-2.20111,6
-1.86561,-0.69683,6
-2.70008,-1.16901,6
-2.37204,-0.951266,6
-2.25517,-1.78441,6
-1.55914,-1.70119,6
-2.26843,-0.922286,6
-1.18143,-2.42109,6
-1.84376,-2.27411,6
-2.04462,-1.55767,6
-2.3604,-2.07454,6
-1.62365,-1.89509,6
-1.97966,-1.77481,6
-2.58478,-2.61885,6
-2.91257,-1.05964,6
-2.54449,-1.78242,6
-2.38562,-1.90423,6
-2.46401,-0.874578,6
-2.76642,-1.18486,6
-2.71407,-1.1737,6
-2.30504,-1.1801,6
-1.47177,-2.57576,6
-1.95816,-1.23718,6
-2.56361,-2.29318,6
-1.74711,-2.30373,6
-1.63233,-2.11739,6
-3.02046,-1.02077,6
-2.37893,-1.95616,6
-2.00307,-0.386228,6
-1.47774,-2.52405,6
-2.791,-1.11742,6
-1.26837,-3.33855,6
-1.2827,-2.99877,6
-3.06454,-0.757055,6
-1.80789,-1.25032,6
-2.10174,-0.309616,6
-1.52694,-2.399,6
-1.97351,-1.28526,6
-1.96837,-1.91441,6
-1.79737,-1.7311,6
-1.40249,-2.92456,6
-1.40576,-1.46554,6
-1.53084,-1.68654,6
-2.4343,-1.15658,6
